date,strategy_equity_usd,buy_hold_equity_usd
2016-05-08,9905.32928005,9905.32928005
2016-05-09,9987.98006932,9987.98006932
2016-05-10,9734.40225512,9734.40225512
2016-05-11,9779.83855288,9779.83855288
2016-05-12,9842.80027979,9842.80027979
2016-05-13,9867.03297193,9867.03297193
2016-05-14,9852.75299263,9852.75299263
2016-05-15,9898.18929040,9898.18929040
2016-05-16,9856.64753244,9856.64753244
2016-05-17,9801.47488515,9801.47488515
2016-05-18,9799.96034189,9799.96034189
2016-05-19,9555.25342392,9555.25342392
2016-05-20,9562.60977689,9562.60977689
2016-05-21,9581.43338597,9581.43338597
2016-05-22,9473.46808794,9473.46808794
2016-05-23,9569.53340322,9569.53340322
2016-05-24,9634.87512667,9634.87512667
2016-05-25,9693.50958713,9693.50958713
2016-05-26,9787.84399582,9787.84399582
2016-05-27,10227.06154090,10227.06154090
2016-05-28,11283.34728232,11283.34728232
2016-05-29,11117.82934046,11117.82934046
2016-05-30,11402.34710981,11402.34710981
2016-05-31,11511.82695110,11511.82695110
2016-06-01,11654.41038076,11654.41038076
2016-06-02,11661.55037040,11661.55037040
2016-06-03,12288.13855294,12288.13855294
2016-06-04,12416.44200330,12416.44200330
2016-06-05,12414.06200676,12414.06200676
2016-06-06,12624.58351974,12624.58351974
2016-06-07,12478.75464024,12478.75464024
2016-06-08,12619.17443667,12619.17443667
2016-06-09,12471.18192395,12471.18192395
2016-06-10,12503.85278568,12503.85278568
2016-06-11,12811.52143055,12811.52143055
2016-06-12,14451.77177994,14451.77177994
2016-06-13,15189.78707367,15189.78707367
2016-06-14,14835.81667774,14835.81667774
2016-06-15,14994.19462995,14994.19462995
2016-06-16,16564.77598943,16564.77598943
2016-06-17,16162.12384589,16162.12384589
2016-06-18,16335.86359402,16335.86359402
2016-06-19,16455.51251147,16455.51251147
2016-06-20,15902.48785865,15902.48785865
2016-06-21,14462.15721943,14462.15721943
2016-06-22,12854.14500513,12854.14500513
2016-06-23,13516.00040927,13516.00040927
2016-06-24,14208.79576855,14208.79576855
2016-06-25,14350.08101827,14350.08101827
2016-06-26,13600.81483176,13600.81483176
2016-06-27,14024.67058093,14024.67058093
2016-06-28,13963.87248726,13963.87248726
2016-06-29,13726.73828558,13726.73828558
2016-06-30,14427.97181445,14427.97181445
2016-07-01,14647.79695031,14647.79695031
2016-07-02,15199.09069655,15199.09069655
2016-07-03,14369.55371732,14369.55371732
2016-07-04,14685.01144181,14685.01144181
2016-07-05,14422.34636806,14422.34636806
2016-07-06,14592.84066634,14592.84066634
2016-07-07,13769.14549683,13769.14549683
2016-07-08,14366.52463080,14366.52463080
2016-07-09,14118.57226299,14118.57226299
2016-07-10,13988.97063269,13988.97063269
2016-07-11,14007.79424176,14007.79424176
2016-07-12,14533.12438928,14533.12438928
2016-07-13,14312.43380012,14312.43380012
2016-07-14,14291.44655782,14291.44655782
2016-07-15,14387.94459975,14387.94459975
2016-07-16,14323.25196626,14323.25196626
2016-07-17,14674.40963900,14674.40963900
2016-07-18,14571.20433407,14571.20433407
2016-07-19,14579.85886698,14579.85886698
2016-07-20,14431.86635426,14431.86635426
2016-07-21,14371.93371387,14371.93371387
2016-07-22,14127.44315922,14127.44315922
2016-07-23,14145.83404165,14145.83404165
2016-07-24,14269.37749891,14269.37749891
2016-07-25,14158.16675104,14158.16675104
2016-07-26,14111.64863666,14111.64863666
2016-07-27,14185.42852970,14185.42852970
2016-07-28,14138.04496203,14138.04496203
2016-07-29,14215.71939488,14215.71939488
2016-07-30,14158.16675104,14158.16675104
2016-07-31,13414.74237424,13414.74237424
2016-08-01,13146.45185409,13146.45185409
2016-08-02,11142.27839592,11142.27839592
2016-08-03,12238.15862540,12238.15862540
2016-08-04,12452.14195155,12452.14195155
2016-08-05,12476.37464369,12476.37464369
2016-08-06,12739.03971745,12739.03971745
2016-08-07,12821.69050672,12821.69050672
2016-08-08,12753.75242339,12753.75242339
2016-08-09,12625.44897303,12625.44897303
2016-08-10,12802.21780768,12802.21780768
2016-08-11,12712.85975540,12712.85975540
2016-08-12,12678.89071374,12678.89071374
2016-08-13,12594.72538121,12594.72538121
2016-08-14,12277.53675013,12277.53675013
2016-08-15,12241.62043856,12241.62043856
2016-08-16,12495.63097941,12495.63097941
2016-08-17,12342.87847359,12342.87847359
2016-08-18,12326.43486106,12326.43486106
2016-08-19,12378.36205851,12378.36205851
2016-08-20,12549.07272012,12549.07272012
2016-08-21,12515.96913175,12515.96913175
2016-08-22,12632.37259936,12632.37259936
2016-08-23,12564.43451603,12564.43451603
2016-08-24,12486.54371986,12486.54371986
2016-08-25,12483.94735999,12483.94735999
2016-08-26,12502.33824242,12502.33824242
2016-08-27,12276.67129684,12276.67129684
2016-08-28,12397.61839423,12397.61839423
2016-08-29,12365.16389582,12365.16389582
2016-08-30,12445.86741519,12445.86741519
2016-08-31,12349.15300995,12349.15300995
2016-09-01,12367.32752905,12367.32752905
2016-09-02,12375.98206196,12375.98206196
2016-09-03,12819.52687349,12819.52687349
2016-09-04,13073.75377767,13073.75377767
2016-09-05,13062.71924821,13062.71924821
2016-09-06,13175.66090266,13175.66090266
2016-09-07,13293.14618689,13293.14618689
2016-09-08,13536.98765157,13536.98765157
2016-09-09,13457.79867546,13457.79867546
2016-09-10,13458.01503878,13458.01503878
2016-09-11,13064.01742815,13064.01742815
2016-09-12,13133.25369141,13133.25369141
2016-09-13,13149.04821397,13149.04821397
2016-09-14,13152.51002713,13152.51002713
2016-09-15,13094.52465665,13094.52465665
2016-09-16,13109.45372591,13109.45372591
2016-09-17,13069.21014789,13069.21014789
2016-09-18,13154.89002368,13154.89002368
2016-09-19,13152.29366381,13152.29366381
2016-09-20,13132.17187480,13132.17187480
2016-09-21,12866.26135120,12866.26135120
2016-09-22,12850.89955529,12850.89955529
2016-09-23,13036.53928616,13036.53928616
2016-09-24,12984.82845204,12984.82845204
2016-09-25,12925.76126494,12925.76126494
2016-09-26,13074.40286764,13074.40286764
2016-09-27,13080.67740399,13080.67740399
2016-09-28,13062.07015824,13062.07015824
2016-09-29,13089.11557358,13089.11557358
2016-09-30,13160.51547007,13160.51547007
2016-10-01,13241.43535276,13241.43535276
2016-10-02,13167.65545972,13167.65545972
2016-10-03,13221.09720043,13221.09720043
2016-10-04,13137.14823122,13137.14823122
2016-10-05,13219.36629384,13219.36629384
2016-10-06,13205.51904119,13205.51904119
2016-10-07,13289.68437372,13289.68437372
2016-10-08,13295.09345679,13295.09345679
2016-10-09,13276.26984771,13276.26984771
2016-10-10,13314.34979251,13314.34979251
2016-10-11,13823.66905415,13823.66905415
2016-10-12,13740.36917491,13740.36917491
2016-10-13,13752.26915765,13752.26915765
2016-10-14,13812.20179804,13812.20179804
2016-10-15,13760.92369056,13760.92369056
2016-10-16,13805.92726168,13805.92726168
2016-10-17,13754.00006424,13754.00006424
2016-10-18,13751.62006769,13751.62006769
2016-10-19,13587.18394243,13587.18394243
2016-10-20,13581.55849604,13581.55849604
2016-10-21,13609.03663803,13609.03663803
2016-10-22,14171.79764037,14171.79764037
2016-10-23,14056.90871602,14056.90871602
2016-10-24,14023.37240100,14023.37240100
2016-10-25,14027.48330413,14027.48330413
2016-10-26,14564.28070775,14564.28070775
2016-10-27,14770.47495428,14770.47495428
2016-10-28,14827.16214483,14827.16214483
2016-10-29,15406.36675970,15406.36675970
2016-10-30,15066.67634306,15066.67634306
2016-10-31,15095.01993833,15095.01993833
2016-11-01,15720.95903090,15720.95903090
2016-11-02,15859.21519411,15859.21519411
2016-11-03,14734.99136936,14734.99136936
2016-11-04,15209.90886268,15209.90886268
2016-11-05,15223.97247866,15223.97247866
2016-11-06,15366.55590832,15366.55590832
2016-11-07,15286.06875227,15286.06875227
2016-11-08,15365.90681835,15365.90681835
2016-11-09,15587.67922412,15587.67922412
2016-11-10,15459.15941043,15459.15941043
2016-11-11,15487.71936903,15487.71936903
2016-11-12,15210.34158933,15210.34158933
2016-11-13,15178.10345425,15178.10345425
2016-11-14,15247.12335419,15247.12335419
2016-11-15,15379.53770768,15379.53770768
2016-11-16,15967.39685546,15967.39685546
2016-11-17,15945.97688651,15945.97688651
2016-11-18,16140.48751362,16140.48751362
2016-11-19,16217.94558314,16217.94558314
2016-11-20,15731.56083371,15731.56083371
2016-11-21,15945.32779654,15945.32779654
2016-11-22,16153.90203962,16153.90203962
2016-11-23,16014.56405981,16014.56405981
2016-11-24,15917.84965456,15917.84965456
2016-11-25,15946.62597648,15946.62597648
2016-11-26,15791.70983742,15791.70983742
2016-11-27,15710.57359141,15710.57359141
2016-11-28,15815.72616624,15815.72616624
2016-11-29,15815.94252957,15815.94252957
2016-11-30,16055.45672780,16055.45672780
2016-12-01,16261.86733765,16261.86733765
2016-12-02,16659.75948810,16659.75948810
2016-12-03,16503.97789575,16503.97789575
2016-12-04,16486.66882994,16486.66882994
2016-12-05,16227.24920602,16227.24920602
2016-12-06,16420.02892655,16420.02892655
2016-12-07,16591.82140477,16591.82140477
2016-12-08,16615.83773359,16615.83773359
2016-12-09,16648.94132196,16648.94132196
2016-12-10,16710.82123225,16710.82123225
2016-12-11,16620.81409001,16620.81409001
2016-12-12,16831.55196632,16831.55196632
2016-12-13,16848.42830549,16848.42830549
2016-12-14,16796.06838140,16796.06838140
2016-12-15,16763.61388299,16763.61388299
2016-12-16,16883.91189041,16883.91189041
2016-12-17,17058.08436519,17058.08436519
2016-12-18,17064.14253822,17064.14253822
2016-12-19,17106.76611280,17106.76611280
2016-12-20,17331.13487844,17331.13487844
2016-12-21,17917.04675631,17917.04675631
2016-12-22,18584.31124351,18584.31124351
2016-12-23,19818.88036284,19818.88036284
2016-12-24,19313.23927769,19313.23927769
2016-12-25,19292.46839871,19292.46839871
2016-12-26,19453.22634748,19453.22634748
2016-12-27,20120.05810804,20120.05810804
2016-12-28,21116.41120907,21116.41120907
2016-12-29,20965.38960983,20965.38960983
2016-12-30,20749.89174042,20749.89174042
2016-12-31,20864.34793813,20864.34793813
2017-01-01,21610.36867480,21610.36867480
2017-01-02,21941.40455853,21941.40455853
2017-01-03,22436.66020419,22436.66020419
2017-01-04,24288.08115653,24288.08115653
2017-01-05,21506.94700655,21506.94700655
2017-01-06,19290.08840216,19290.08840216
2017-01-07,19410.81913623,19410.81913623
2017-01-08,19606.19521663,19606.19521663
2017-01-09,19472.48268320,19472.48268320
2017-01-10,19644.92425139,19644.92425139
2017-01-11,17066.95526142,17066.95526142
2017-01-12,17655.24713584,17655.24713584
2017-01-13,17891.08315758,17891.08315758
2017-01-14,17734.43611195,17734.43611195
2017-01-15,17795.23420563,17795.23420563
2017-01-16,17949.93398136,17949.93398136
2017-01-17,19604.24794672,19604.24794672
2017-01-18,18969.43795792,18969.43795792
2017-01-19,19482.65175936,19482.65175936
2017-01-20,19377.93191118,19377.93191118
2017-01-21,19929.22565742,19929.22565742
2017-01-22,19892.22752924,19892.22752924
2017-01-23,19935.50019378,19935.50019378
2017-01-24,19321.24472063,19321.24472063
2017-01-25,19320.16290402,19320.16290402
2017-01-26,19826.23671581,19826.23671581
2017-01-27,19858.69121422,19858.69121422
2017-01-28,19856.74394431,19856.74394431
2017-01-29,19756.13499926,19756.13499926
2017-01-30,19928.79293077,19928.79293077
2017-01-31,20879.27700739,20879.27700739
2017-02-01,21276.30370455,21276.30370455
2017-02-02,21813.31747149,21813.31747149
2017-02-03,21909.81551341,21909.81551341
2017-02-04,22381.48755690,22381.48755690
2017-02-05,21951.57363469,21951.57363469
2017-02-06,22149.11334832,22149.11334832
2017-02-07,22807.29057597,22807.29057597
2017-02-08,22869.38684959,22869.38684959
2017-02-09,21246.01283937,21246.01283937
2017-02-10,21583.75598610,21583.75598610
2017-02-11,21895.53553411,21895.53553411
2017-02-12,21671.59949512,21671.59949512
2017-02-13,21641.74135659,21641.74135659
2017-02-14,21885.36645795,21885.36645795
2017-02-15,21885.79918459,21885.79918459
2017-02-16,22343.84033875,22343.84033875
2017-02-17,22836.28326121,22836.28326121
2017-02-18,22856.62141355,22856.62141355
2017-02-19,22757.09428511,22757.09428511
2017-02-20,23453.78418420,23453.78418420
2017-02-21,24332.65200101,24332.65200101
2017-02-22,24449.27183194,24449.27183194
2017-02-23,25706.34273683,25706.34273683
2017-02-24,25533.90116864,25533.90116864
2017-02-25,24929.38204501,24929.38204501
2017-02-26,25510.31756646,25510.31756646
2017-02-27,25847.62798655,25847.62798655
2017-02-28,25773.41536687,25773.41536687
2017-03-01,26534.58153613,26534.58153613
2017-03-02,27209.85146627,27209.85146627
2017-03-03,27809.82696012,27809.82696012
2017-03-04,27261.77866372,27261.77866372
2017-03-05,27543.05098323,27543.05098323
2017-03-06,27661.83444739,27661.83444739
2017-03-07,26678.67950904,26678.67950904
2017-03-08,24882.86393063,24882.86393063
2017-03-09,25766.49174054,25766.49174054
2017-03-10,24167.13405914,24167.13405914
2017-03-11,25456.22673579,25456.22673579
2017-03-12,26539.55789255,26539.55789255
2017-03-13,26882.27739570,26882.27739570
2017-03-14,26955.84092542,26955.84092542
2017-03-15,27203.79329324,27203.79329324
2017-03-16,25371.19594997,25371.19594997
2017-03-17,23172.94459134,23172.94459134
2017-03-18,20974.26050606,20974.26050606
2017-03-19,22025.13716441,22025.13716441
2017-03-20,22414.37478195,22414.37478195
2017-03-21,24111.31232189,24111.31232189
2017-03-22,22448.99291358,22448.99291358
2017-03-23,22277.84952533,22277.84952533
2017-03-24,20101.45086229,20101.45086229
2017-03-25,20684.76638029,20684.76638029
2017-03-26,20770.87898272,20770.87898272
2017-03-27,22500.05465774,22500.05465774
2017-03-28,22588.11453008,22588.11453008
2017-03-29,22414.37478195,22414.37478195
2017-03-30,22365.47667102,22365.47667102
2017-03-31,23157.58279542,23157.58279542
2017-04-01,23452.48600426,23452.48600426
2017-04-02,23324.18255390,23324.18255390
2017-04-03,24768.62409625,24768.62409625
2017-04-04,24730.32778813,24730.32778813
2017-04-05,24548.14987042,24548.14987042
2017-04-06,25765.62628725,25765.62628725
2017-04-07,25761.51538412,25761.51538412
2017-04-08,25618.06650117,25618.06650117
2017-04-09,26097.74398759,26097.74398759
2017-04-10,26163.73480102,26163.73480102
2017-04-11,26374.47267733,26374.47267733
2017-04-12,26226.91289125,26226.91289125
2017-04-13,25377.47048633,25377.47048633
2017-04-14,25321.86511239,25321.86511239
2017-04-15,25389.15410575,25389.15410575
2017-04-16,25148.12536426,25148.12536426
2017-04-17,25456.01037247,25456.01037247
2017-04-18,26019.42046478,26019.42046478
2017-04-19,26049.71132995,26049.71132995
2017-04-20,26703.34492783,26703.34492783
2017-04-21,26907.15917781,26907.15917781
2017-04-22,26681.92495888,26681.92495888
2017-04-23,26872.10831954,26872.10831954
2017-04-24,27122.87341055,27122.87341055
2017-04-25,27456.50565415,27456.50565415
2017-04-26,27867.37960396,27867.37960396
2017-04-27,28809.42551099,28809.42551099
2017-04-28,28791.46735521,28791.46735521
2017-04-29,28841.23091943,28841.23091943
2017-04-30,29213.59219780,29213.59219780
2017-05-01,30093.10910457,30093.10910457
2017-05-02,31324.00004741,31324.00004741
2017-05-03,32524.16739843,32524.16739843
2017-05-04,33260.01905893,33260.01905893
2017-05-05,32776.87975934,32776.87975934
2017-05-06,33709.83840683,33709.83840683
2017-05-07,33623.07671442,33623.07671442
2017-05-08,35689.99553618,35689.99553618
2017-05-09,37220.54968096,37220.54968096
2017-05-10,38352.12985868,38352.12985868
2017-05-11,39560.95174260,39560.95174260
2017-05-12,36598.07240155,36598.07240155
2017-05-13,38445.38245076,38445.38245076
2017-05-14,38599.21677320,38599.21677320
2017-05-15,36900.33196336,36900.33196336
2017-05-16,36781.98122584,36781.98122584
2017-05-17,38577.36407761,38577.36407761
2017-05-18,40654.45197553,40654.45197553
2017-05-19,42363.93858818,42363.93858818
2017-05-20,43575.35683198,43575.35683198
2017-05-21,43652.38217486,43652.38217486
2017-05-22,45435.64868055,45435.64868055
2017-05-23,48989.63261922,48989.63261922
2017-05-24,52366.19863328,52366.19863328
2017-05-25,49601.94082246,49601.94082246
2017-05-26,49326.94303931,49326.94303931
2017-05-27,44181.39049886,44181.39049886
2017-05-28,47141.45711672,47141.45711672
2017-05-29,49592.63719959,49592.63719959
2017-05-30,47675.87452379,47675.87452379
2017-05-31,49720.50792330,49720.50792330
2017-06-01,52222.10066036,52222.10066036
2017-06-02,53851.53284361,53851.53284361
2017-06-03,54976.62212165,54976.62212165
2017-06-04,54745.76245633,54745.76245633
2017-06-05,58374.82446798,58374.82446798
2017-06-06,62328.64782700,62328.64782700
2017-06-07,58050.92857390,58050.92857390
2017-06-08,60711.54835314,60711.54835314
2017-06-09,61064.65329579,61064.65329579
2017-06-10,62745.14722320,62745.14722320
2017-06-11,63918.48552220,63918.48552220
2017-06-12,57705.39634755,57705.39634755
2017-06-13,58483.43885598,58483.43885598
2017-06-14,53009.01406502,53009.01406502
2017-06-15,52466.15848837,52466.15848837
2017-06-16,53759.36206814,53759.36206814
2017-06-17,56903.55387362,56903.55387362
2017-06-18,54458.21560046,54458.21560046
2017-06-19,56211.19124098,56211.19124098
2017-06-20,59283.55042332,59283.55042332
2017-06-21,57488.60029820,57488.60029820
2017-06-22,58709.75489152,58709.75489152
2017-06-23,58094.63396508,58094.63396508
2017-06-24,55338.38159721,55338.38159721
2017-06-25,54134.75243303,54134.75243303
2017-06-26,52386.32042229,52386.32042229
2017-06-27,55497.19227607,55497.19227607
2017-06-28,55386.84698149,55386.84698149
2017-06-29,54990.68573763,54990.68573763
2017-06-30,53344.16085188,53344.16085188
2017-07-01,52195.70433499,52195.70433499
2017-07-02,54185.38145054,54185.38145054
2017-07-03,55182.81636819,55182.81636819
2017-07-04,56170.51493631,56170.51493631
2017-07-05,56317.20926910,56317.20926910
2017-07-06,56262.90207511,56262.90207511
2017-07-07,54122.41972363,54122.41972363
2017-07-08,55174.16183528,55174.16183528
2017-07-09,54140.16151610,54140.16151610
2017-07-10,50270.93621625,50270.93621625
2017-07-11,49892.94949149,49892.94949149
2017-07-12,51667.56146428,51667.56146428
2017-07-13,50628.80115200,50628.80115200
2017-07-14,47889.20875997,47889.20875997
2017-07-15,42634.60910488,42634.60910488
2017-07-16,41490.47985444,41490.47985444
2017-07-17,48162.47563654,48162.47563654
2017-07-18,49843.83501724,49843.83501724
2017-07-19,49010.83622485,49010.83622485
2017-07-20,62205.10436974,62205.10436974
2017-07-21,57769.00716442,57769.00716442
2017-07-22,61289.45478807,61289.45478807
2017-07-23,59478.71014040,59478.71014040
2017-07-24,59715.84434207,59715.84434207
2017-07-25,55493.29773626,55493.29773626
2017-07-26,54631.52262195,54631.52262195
2017-07-27,57689.60182499,57689.60182499
2017-07-28,60084.31108063,60084.31108063
2017-07-29,57997.48683319,57997.48683319
2017-07-30,59334.82853080,59334.82853080
2017-07-31,61789.25406351,61789.25406351
2017-08-01,59088.82343289,59088.82343289
2017-08-02,58494.04065879,58494.04065879
2017-08-03,60438.28147657,60438.28147657
2017-08-04,61771.72863437,61771.72863437
2017-08-05,70612.76672654,70612.76672654
2017-08-06,69728.48982666,69728.48982666
2017-08-07,73294.15738476,73294.15738476
2017-08-08,73832.03660499,73832.03660499
2017-08-09,72330.04241881,72330.04241881
2017-08-10,73845.45113100,73845.45113100
2017-08-11,78865.72930761,78865.72930761
2017-08-12,83410.22453760,83410.22453760
2017-08-13,87710.87830290,87710.87830290
2017-08-14,93171.02311456,93171.02311456
2017-08-15,89913.45692799,89913.45692799
2017-08-16,94742.03720069,94742.03720069
2017-08-17,92527.77495617,92527.77495617
2017-08-18,88708.96231052,88708.96231052
2017-08-19,88699.22596100,88699.22596100
2017-08-20,87814.94906112,87814.94906112
2017-08-21,86275.30765679,86275.30765679
2017-08-22,88384.41732647,88384.41732647
2017-08-23,88884.64932855,88884.64932855
2017-08-24,93043.58511749,93043.58511749
2017-08-25,94247.43064499,94247.43064499
2017-08-26,93758.44953569,93758.44953569
2017-08-27,93851.48576445,93851.48576445
2017-08-28,94766.91898280,94766.91898280
2017-08-29,99068.87092804,99068.87092804
2017-08-30,98947.27474068,98947.27474068
2017-08-31,102432.02241609,102432.02241609
2017-09-01,106487.53653678,106487.53653678
2017-09-02,99524.96481229,99524.96481229
2017-09-03,99662.57188553,99662.57188553
2017-09-04,92538.59312231,92538.59312231
2017-09-05,95124.56755522,95124.56755522
2017-09-06,99652.61917269,99652.61917269
2017-09-07,99851.67342957,99851.67342957
2017-09-08,93295.86475176,93295.86475176
2017-09-09,93224.89758191,93224.89758191
2017-09-10,91439.90016964,91439.90016964
2017-09-11,91030.75712641,91030.75712641
2017-09-12,90278.89458003,90278.89458003
2017-09-13,83631.78058004,83631.78058004
2017-09-14,69837.53694130,69837.53694130
2017-09-15,80054.64576584,80054.64576584
2017-09-16,79598.55188159,79598.55188159
2017-09-17,79253.66874521,79253.66874521
2017-09-18,88743.58044215,88743.58044215
2017-09-19,84139.36893510,84139.36893510
2017-09-20,83829.10393034,83829.10393034
2017-09-21,78259.69564072,78259.69564072
2017-09-22,78154.32670257,78154.32670257
2017-09-23,81767.37782834,81767.37782834
2017-09-24,79280.28143390,79280.28143390
2017-09-25,84771.14983738,84771.14983738
2017-09-26,84122.70895925,84122.70895925
2017-09-27,90857.23374161,90857.23374161
2017-09-28,90544.58874031,90544.58874031
2017-09-29,90111.42936826,90111.42936826
2017-09-30,93600.72067344,93600.72067344
2017-10-01,94706.98634241,94706.98634241
2017-10-02,95015.52044058,95015.52044058
2017-10-03,93378.73190435,93378.73190435
2017-10-04,91295.15310675,91295.15310675
2017-10-05,93059.81236669,93059.81236669
2017-10-06,94398.23588092,94398.23588092
2017-10-07,95703.98853341,95703.98853341
2017-10-08,99483.42305433,99483.42305433
2017-10-09,103090.63237039,103090.63237039
2017-10-10,102757.21649011,102757.21649011
2017-10-11,104330.61057278,104330.61057278
2017-10-12,117809.82921367,117809.82921367
2017-10-13,122323.16812519,122323.16812519
2017-10-14,125518.63803815,125518.63803815
2017-10-15,122887.87639744,122887.87639744
2017-10-16,124316.30705390,124316.30705390
2017-10-17,121105.25898171,121105.25898171
2017-10-18,120775.08855127,120775.08855127
2017-10-19,123298.75034725,123298.75034725
2017-10-20,129326.63251767,129326.63251767
2017-10-21,130109.21865587,130109.21865587
2017-10-22,129147.26732315,129147.26732315
2017-10-23,127030.58493718,127030.58493718
2017-10-24,119506.11766364,119506.11766364
2017-10-25,124103.40554437,124103.40554437
2017-10-26,127437.99707382,127437.99707382
2017-10-27,124882.52986941,124882.52986941
2017-10-28,123991.11297989,123991.11297989
2017-10-29,132790.17658745,132790.17658745
2017-10-30,132414.13713260,132414.13713260
2017-10-31,139212.70545848,139212.70545848
2017-11-01,145863.28127163,145863.28127163
2017-11-02,152103.41586162,152103.41586162
2017-11-03,154630.97219740,154630.97219740
2017-11-04,159867.18097006,159867.18097006
2017-11-05,159518.61965719,159518.61965719
2017-11-06,150755.03963455,150755.03963455
2017-11-07,154273.10726166,154273.10726166
2017-11-08,161197.59904135,161197.59904135
2017-11-09,154656.50306948,154656.50306948
2017-11-10,142544.05153809,142544.05153809
2017-11-11,137501.70430256,137501.70430256
2017-11-12,127013.27587136,127013.27587136
2017-11-13,141180.74624176,141180.74624176
2017-11-14,142994.51997595,142994.51997595
2017-11-15,157815.40758090,157815.40758090
2017-11-16,169779.43387292,169779.43387292
2017-11-17,166058.63381245,166058.63381245
2017-11-18,168136.58716366,168136.58716366
2017-11-19,173449.38855256,173449.38855256
2017-11-20,177984.14743303,177984.14743303
2017-11-21,175151.08608559,175151.08608559
2017-11-22,177735.76233857,177735.76233857
2017-11-23,172852.65850855,172852.65850855
2017-11-24,177400.39918838,177400.39918838
2017-11-25,188625.32837006,188625.32837006
2017-11-26,200591.73465863,200591.73465863
2017-11-27,210047.02822394,210047.02822394
2017-11-28,213525.06863634,213525.06863634
2017-11-29,212570.04092994,212570.04092994
2017-11-30,215231.09343583,215231.09343583
2017-12-01,234547.57815984,234547.57815984
2017-12-02,235230.20444296,235230.20444296
2017-12-03,243408.73804102,243408.73804102
2017-12-04,251264.24119829,251264.24119829
2017-12-05,252647.45192031,252647.45192031
2017-12-06,294762.57268386,294762.57268386
2017-12-07,359162.89932220,359162.89932220
2017-12-08,341854.04986952,341854.04986952
2017-12-09,316052.50727422,316052.50727422
2017-12-10,317859.35738209,317859.35738209
2017-12-11,356350.39249042,356350.39249042
2017-12-12,360245.14866234,360245.14866234
2017-12-13,351590.39939102,351590.39939102
2017-12-14,354943.81452955,354943.81452955
2017-12-15,378019.17925882,378019.17925882
2017-12-16,415153.18360718,415153.18360718
2017-12-17,410073.40551683,410073.40551683
2017-12-18,409804.46590671,409804.46590671
2017-12-19,382963.08118252,382963.08118252
2017-12-20,356285.05076696,356285.05076696
2017-12-21,337526.99977884,337526.99977884
2017-12-22,303120.47147644,303120.47147644
2017-12-23,316301.54145865,316301.54145865
2017-12-24,306324.37955898,306324.37955898
2017-12-25,300989.07638453,300989.07638453
2017-12-26,341084.66189400,341084.66189400
2017-12-27,332440.73078881,332440.73078881
2017-12-28,313079.24249368,313079.24249368
2017-12-29,310265.00475532,310265.00475532
2017-12-30,273483.23989632,273483.23989632
2017-12-31,300312.29191112,300312.29191112
2018-01-01,290866.08560536,290866.08560536
2018-01-02,317598.42321491,317598.42321491
2018-01-03,327912.03008138,327912.03008138
2018-01-04,327653.47591075,327653.47591075
2018-01-05,366259.83267008,366259.83267008
2018-01-06,371055.95844437,371055.95844437
2018-01-07,348864.65425165,348864.65425165
2018-01-08,324544.76769020,324544.76769020
2018-01-09,311639.12821779,311639.12821779
2018-01-10,322165.42023047,322165.42023047
2018-01-11,286547.90641091,286547.90641091
2018-01-12,298179.16591262,298179.16591262
2018-01-13,307187.88557988,307187.88557988
2018-01-14,295292.44646116,295292.44646116
2018-01-15,294406.43865470,294406.43865470
2018-01-16,246358.63558271,246358.63558271
2018-01-17,242139.76715338,242139.76715338
2018-01-18,243356.16175360,243356.16175360
2018-01-19,249942.91038656,249942.91038656
2018-01-20,276425.56472172,276425.56472172
2018-01-21,250091.55198925,250091.55198925
2018-01-22,233866.89914663,233866.89914663
2018-01-23,234793.58325775,234793.58325775
2018-01-24,246674.95876050,246674.95876050
2018-01-25,241364.97009480,241364.97009480
2018-01-26,240010.75205802,240010.75205802
2018-01-27,247661.14278537,247661.14278537
2018-01-28,252833.09165119,252833.09165119
2018-01-29,241518.15532727,241518.15532727
2018-01-30,215735.86906769,215735.86906769
2018-01-31,219587.13621175,219587.13621175
2018-02-01,194705.13773793,194705.13773793
2018-02-02,191239.86276156,191239.86276156
2018-02-03,199613.77244002,199613.77244002
2018-02-04,177223.19762709,177223.19762709
2018-02-05,148733.98983721,148733.98983721
2018-02-06,167408.30821945,167408.30821945
2018-02-07,164176.70563160,164176.70563160
2018-02-08,178710.91183398,178710.91183398
2018-02-09,188105.84003225,188105.84003225
2018-02-10,185207.00423472,185207.00423472
2018-02-11,174540.29242561,174540.29242561
2018-02-12,192541.72087425,192541.72087425
2018-02-13,184406.24357741,184406.24357741
2018-02-14,205349.99685144,205349.99685144
2018-02-15,216752.77668438,216752.77668438
2018-02-16,220604.04382844,220604.04382844
2018-02-17,240184.92453279,240184.92453279
2018-02-18,225473.51676913,225473.51676913
2018-02-19,241742.74045623,241742.74045623
2018-02-20,243049.79128866,243049.79128866
2018-02-21,226086.69042566,226086.69042566
2018-02-22,212973.77489010,212973.77489010
2018-02-23,219957.11749357,219957.11749357
2018-02-24,209655.84333650,209655.84333650
2018-02-25,207493.29192611,207493.29192611
2018-02-26,223388.63979159,223388.63979159
2018-02-27,228615.97766802,228615.97766802
2018-02-28,223176.60373534,223176.60373534
2018-03-01,235903.74346652,235903.74346652
2018-03-02,238648.52857830,238648.52857830
2018-03-03,247627.82283367,247627.82283367
2018-03-04,248023.11862424,248023.11862424
2018-03-05,247070.47091439,247070.47091439
2018-03-06,232022.83454726,232022.83454726
2018-03-07,214481.61088600,214481.61088600
2018-03-08,200900.26875680,200900.26875680
2018-03-09,199703.34685562,199703.34685562
2018-03-10,190215.16606526,190215.16606526
2018-03-11,206303.29365126,206303.29365126
2018-03-12,197339.57755512,197339.57755512
2018-03-13,197806.27324219,197806.27324219
2018-03-14,177346.30835771,177346.30835771
2018-03-15,178825.36803168,178825.36803168
2018-03-16,178684.51550861,178684.51550861
2018-03-17,170079.52980150,170079.52980150
2018-03-18,177163.48135002,177163.48135002
2018-03-19,186006.03398545,186006.03398545
2018-03-20,192650.33526225,192650.33526225
2018-03-21,192428.99558312,192428.99558312
2018-03-22,188337.13242422,188337.13242422
2018-03-23,193013.17655441,193013.17655441
2018-03-24,184925.73191521,184925.73191521
2018-03-25,182911.38938087,182911.38938087
2018-03-26,176328.75165105,176328.75165105
2018-03-27,168583.81015168,168583.81015168
2018-03-28,171628.25846539,171628.25846539
2018-03-29,153366.54493954,153366.54493954
2018-03-30,148208.87605302,148208.87605302
2018-03-31,149909.92449609,149909.92449609
2018-04-01,148815.90626773,147419.58265181
2018-04-02,148815.90626773,152595.85878409
2018-04-03,148815.90626773,160460.88192755
2018-04-04,148815.90626773,147125.97762291
2018-04-05,148815.90626773,146514.53487296
2018-04-06,148815.90626773,143196.38695603
2018-04-07,148815.90626773,149396.71069464
2018-04-08,148815.90626773,152044.13231120
2018-04-09,148815.90626773,146696.49642735
2018-04-10,148815.90626773,147898.82741159
2018-04-11,148815.90626773,150176.48410965
2018-04-12,148815.90626773,171441.53691790
2018-04-13,148815.90626773,170860.38503313
2018-04-14,148815.90626773,173099.52905975
2018-04-15,148815.90626773,180754.67978020
2018-04-16,148815.90626773,174132.44756232
2018-04-17,148815.90626773,170729.48522289
2018-04-18,148815.90626773,176830.28183307
2018-04-19,148815.90626773,178960.81147169
2018-04-20,148815.90626773,191719.54024799
2018-04-21,148815.90626773,193011.44564783
2018-04-22,148815.90626773,190182.49520353
2018-04-23,148815.90626773,193579.18300660
2018-04-24,148815.90626773,208747.33374448
2018-04-25,148815.90626773,191805.86921375
2018-04-26,148815.90626773,200665.73091499
2018-04-27,148815.90626773,193027.02380707
2018-04-28,148815.90626773,202193.90506322
2018-04-29,148815.90626773,203251.48898458
2018-04-30,148815.90626773,199966.66101935
2018-05-01,148815.90626773,196174.46106238
2018-05-02,148815.90626773,199530.25619746
2018-05-03,148815.90626773,210574.08927804
2018-05-04,148815.90626773,209798.21040283
2018-05-05,148815.90626773,212539.75006477
2018-05-06,148815.90626773,208218.10905716
2018-05-07,148815.90626773,202505.68461123
2018-05-08,148815.90626773,198355.18699188
2018-05-09,148815.90626773,201401.58257549
2018-05-10,148815.90626773,195181.13704787
2018-05-11,148815.90626773,181992.27798604
2018-05-12,148815.90626773,183510.71578475
2018-05-13,148815.90626773,188162.09449616
2018-05-14,148815.90626773,187681.33519312
2018-05-15,148815.90626773,183367.69962845
2018-05-16,148815.90626773,180589.59456498
2018-05-17,148815.90626773,174540.94151558
2018-05-18,148815.90626773,178475.29217555
2018-05-19,148815.90626773,178092.97818434
2018-05-20,148815.90626773,184308.66371887
2018-05-21,148815.90626773,181566.90769362
2018-05-22,148815.90626773,172746.20775378
2018-05-23,148815.90626773,162335.02102878
2018-05-24,148815.90626773,164152.25657614
2018-05-25,148815.90626773,161648.93293250
2018-05-26,148815.90626773,158723.91717292
2018-05-27,148815.90626773,158970.57136080
2018-05-28,148815.90626773,153888.41327389
2018-05-29,148815.90626773,161611.50207767
2018-05-30,148815.90626773,159583.74501733
2018-05-31,148815.90626773,162105.45954340
2018-06-01,148815.90626773,162523.47348285
2018-06-02,148815.90626773,165344.85121086
2018-06-03,148815.90626773,166679.16382195
2018-06-04,148815.90626773,162018.48148767
2018-06-05,148815.90626773,164825.14650973
2018-06-06,148815.90626773,165703.36523657
2018-06-07,148815.90626773,166367.81700059
2018-06-08,148815.90626773,164827.95923293
2018-06-09,148815.90626773,162114.54680295
2018-06-10,148815.90626773,146719.64730288
2018-06-11,148815.90626773,148871.16418380
2018-06-12,148815.90626773,141883.92704053
2018-06-13,148815.90626773,136469.00216332
2018-06-14,148815.90626773,143797.22790317
2018-06-15,148815.90626773,138269.14500818
2018-06-16,148815.90626773,140374.79286470
2018-06-17,148815.90626773,139628.12303806
2018-06-18,148815.90626773,145125.69870454
2018-06-19,148815.90626773,145753.58506702
2018-06-20,148815.90626773,146187.60989236
2018-06-21,148815.90626773,145360.02018303
2018-06-22,148815.90626773,130909.54658654
2018-06-23,148815.90626773,133655.84624157
2018-06-24,148815.90626773,133137.00699374
2018-06-25,148815.90626773,135305.18385051
2018-06-26,148815.90626773,131289.26421788
2018-06-27,148815.90626773,132752.74573262
2018-06-28,148815.90626773,126536.41110813
2018-06-29,148815.90626773,134236.99812634
2018-06-30,148815.90626773,138163.34334338
2018-07-01,148815.90626773,137390.49355470
2018-07-02,148815.90626773,143080.63257838
2018-07-03,148815.90626773,140809.03405336
2018-07-04,148815.90626773,142459.02075227
2018-07-05,148815.90626773,141365.08779270
2018-07-06,148815.90626773,142724.71491254
2018-07-07,148815.90626773,146261.38978540
2018-07-08,148815.90626773,145106.22600550
2018-07-09,148815.90626773,144244.01816454
2018-07-10,148815.90626773,136297.20968509
2018-07-11,148815.90626773,138039.79988612
2018-07-12,148815.90626773,135094.66233753
2018-07-13,148815.90626773,134482.57049761
2018-07-14,148815.90626773,135096.82597075
2018-07-15,148815.90626773,137375.56448543
2018-07-16,148815.90626773,145418.65464348
2018-07-17,148815.90626773,158176.95069313
2018-07-18,148815.90626773,159635.02312481
2018-07-19,148815.90626773,161654.12565224
2018-07-20,148815.90626773,158612.49006173
2018-07-21,148815.90626773,160323.49121764
2018-07-22,148815.90626773,160035.29527180
2018-07-23,148815.90626773,167024.26332166
2018-07-24,148815.90626773,181828.05822411
2018-07-25,148815.90626773,176856.67815844
2018-07-26,148815.90626773,171489.56957554
2018-07-27,148815.90626773,177051.18878554
2018-07-28,148815.90626773,178234.47979739
2018-07-29,148815.90626773,177780.11681972
2018-07-30,148815.90626773,176557.01495650
2018-07-31,148815.90626773,167149.97041215
2018-08-01,148815.90626773,164479.61428338
2018-08-02,148815.90626773,163059.40543318
2018-08-03,148815.90626773,160476.24372346
2018-08-04,148815.90626773,151670.47285290
2018-08-05,148815.90626773,152159.88668884
2018-08-06,148815.90626773,150071.98062479
2018-08-07,148815.90626773,145345.95656705
2018-08-08,148815.90626773,135953.84109197
2018-08-09,148815.90626773,141582.96565866
2018-08-10,148815.90626773,132846.86377800
2018-08-11,148815.90626773,135010.28064167
2018-08-12,148815.90626773,136542.99841968
2018-08-13,148815.90626773,135283.98024489
2018-08-14,148815.90626773,134007.22027764
2018-08-15,148815.90626773,135709.56690064
2018-08-16,148815.90626773,136601.20015349
2018-08-17,148815.90626773,142370.31178996
2018-08-18,148815.90626773,138456.94837229
2018-08-19,148815.90626773,140246.48941434
2018-08-20,148815.90626773,135461.18180618
2018-08-21,148815.90626773,140187.63859056
2018-08-22,148815.90626773,137515.33519190
2018-08-23,148815.90626773,141177.28442859
2018-08-24,148815.90626773,144810.67370669
2018-08-25,148815.90626773,145664.44337807
2018-08-26,148815.90626773,144973.37892536
2018-08-27,148815.90626773,149388.27252506
2018-08-28,148815.90626773,153205.57062745
2018-08-29,148815.90626773,152167.45940514
2018-08-30,148815.90626773,151108.36094052
2018-08-31,148815.90626773,151829.71625840
2018-09-01,148815.90626773,155457.26372679
2018-09-02,148815.90626773,157735.56951482
2018-09-03,148815.90626773,157057.91958813
2018-09-04,148815.90626773,159265.04184299
2018-09-05,148815.90626773,144515.55413453
2018-09-06,148815.90626773,140486.65270253
2018-09-07,148815.90626773,138472.52653152
2018-09-08,148815.90626773,133675.96803058
2018-09-09,148815.90626773,134925.03349253
2018-09-10,148815.90626773,136351.94960574
2018-09-11,148815.90626773,135875.95029580
2018-09-12,148815.90626773,136794.62896398
2018-09-13,148815.90626773,140326.76020706
2018-09-14,148815.90626773,140127.92231350
2018-09-15,148815.90626773,141072.13185376
2018-09-16,148815.90626773,140635.72703187
2018-09-17,148815.90626773,135324.87291288
2018-09-18,148815.90626773,137008.61229013
2018-09-19,148815.90626773,138221.54507719
2018-09-20,148815.90626773,140484.27270598
2018-09-21,148815.90626773,146033.34284327
2018-09-22,148815.90626773,145180.00589854
2018-09-23,148815.90626773,145011.45887016
2018-09-24,148815.90626773,142399.95356517
2018-09-25,148815.90626773,139099.76380403
2018-09-26,148815.90626773,139803.37732945
2018-09-27,148815.90626773,144565.75042540
2018-09-28,148815.90626773,143032.59992075
2018-09-29,148815.90626773,142353.65181411
2018-09-30,148815.90626773,142752.40941785
2018-10-01,148815.90626773,142176.66661614
2018-10-02,148815.90626773,140636.15975852
2018-10-03,148815.90626773,139700.82111449
2018-10-04,148815.90626773,141665.18372128
2018-10-05,148815.90626773,142412.93536453
2018-10-06,148815.90626773,141589.88928498
2018-10-07,148815.90626773,142315.78823264
2018-10-08,148815.90626773,142902.56556380
2018-10-09,148815.90626773,142557.46606410
2018-10-10,148815.90626773,141015.87738986
2018-10-11,148815.90626773,133123.15974109
2018-10-12,148815.90626773,133823.96054331
2018-10-13,148815.90626773,134138.55281452
2018-10-14,148815.90626773,133777.44242893
2018-10-15,148815.90626773,139375.62704047
2018-10-16,148815.90626773,139796.67006644
2018-10-17,148815.90626773,139279.34536187
2018-10-18,148815.90626773,138389.87574225
2018-10-19,148815.90626773,138114.66159577
2018-10-20,148815.90626773,138750.76976451
2018-10-21,148815.90626773,138762.02065729
2018-10-22,148815.90626773,138603.64270508
2018-10-23,148815.90626773,138329.94310186
2018-10-24,148815.90626773,138731.29706547
2018-10-25,148815.90626773,138332.53946173
2018-10-26,148815.90626773,138604.50815837
2018-10-27,148815.90626773,138638.26083671
2018-10-28,148815.90626773,138593.04090226
2018-10-29,148815.90626773,135584.50890012
2018-10-30,148815.90626773,135648.11971699
2018-10-31,148815.90626773,136379.64411104
2018-11-01,148815.90626773,137195.76656427
2018-11-02,148815.90626773,137400.01354090
2018-11-03,148815.90626773,137066.16493397
2018-11-04,148815.90626773,138943.33312172
2018-11-05,148815.90626773,138541.76279478
2018-11-06,148815.90626773,139500.25231434
2018-11-07,148815.90626773,140657.79609079
2018-11-08,148815.90626773,138591.30999568
2018-11-09,148815.90626773,136849.80161127
2018-11-10,148815.90626773,137375.99721208
2018-11-11,148815.90626773,137553.84786334
2018-11-12,148815.90626773,136698.34728538
2018-11-13,148815.90626773,135463.12907609
2018-11-14,148815.90626773,121074.96811654
2018-11-15,148815.90626773,120838.91573147
2018-11-16,148815.90626773,119188.27994259
2018-11-17,148815.90626773,119072.52556495
2018-11-18,148815.90626773,120281.99653884
2018-11-19,148815.90626773,102457.55328817
2018-11-20,148815.90626773,94161.31804256
2018-11-21,148815.90626773,98185.89220810
2018-11-22,148815.90626773,92500.29681419
2018-11-23,148815.90626773,92782.21822367
2018-11-24,148815.90626773,81907.58126145
2018-11-25,148815.90626773,85223.13281850
2018-11-26,148815.90626773,80645.96672678
2018-11-27,148815.90626773,81590.82535701
2018-11-28,148815.90626773,91308.78399608
2018-11-29,148815.90626773,91950.08488457
2018-11-30,148815.90626773,85919.17362763
2018-12-01,148815.90626773,89582.85377091
2018-12-02,148815.90626773,88753.31679167
2018-12-03,148815.90626773,82961.05427967
2018-12-04,148815.90626773,84457.85574611
2018-12-05,148815.90626773,79982.81314271
2018-12-06,148815.90626773,74369.69946190
2018-12-07,148815.90626773,73145.51578206
2018-12-08,148815.90626773,73537.56612280
2018-12-09,148815.90626773,76370.84383355
2018-12-10,148815.90626773,73736.62037968
2018-12-11,148815.90626773,72555.70936438
2018-12-12,148815.90626773,74216.51422943
2018-12-13,148815.90626773,70593.51039082
2018-12-14,148815.90626773,69144.30885537
2018-12-15,148815.90626773,68793.58390928
2018-12-16,148815.90626773,69101.68528080
2018-12-17,148815.90626773,75656.41214200
2018-12-18,148815.90626773,79343.89225077
2018-12-19,148815.90626773,79719.06625233
2018-12-20,148815.90626773,88141.44131508
2018-12-21,148815.90626773,83106.88315917
2018-12-22,148815.90626773,86132.07513716
2018-12-23,148815.90626773,85330.01629991
2018-12-24,148815.90626773,87324.23704524
2018-12-25,148815.90626773,81785.11962080
2018-12-26,148815.90626773,82434.64231554
2018-12-27,148815.90626773,77710.99825436
2018-12-28,148815.90626773,84056.50178250
2018-12-29,148815.90626773,80605.72314876
2018-12-30,148815.90626773,82992.42696146
2018-12-31,148815.90626773,79909.46597631
2019-01-01,148815.90626773,82725.21825793
2019-01-02,148815.90626773,84075.97448154
2019-01-03,148815.90626773,81954.31573915
2019-01-04,148815.90626773,82601.24207402
2019-01-05,148815.90626773,82041.51015820
2019-01-06,148815.90626773,87426.14417023
2019-01-07,148815.90626773,86663.24709439
2019-01-08,148815.90626773,86434.98378894
2019-01-09,148815.90626773,86591.41447125
2019-01-10,148815.90626773,78486.01167627
2019-01-11,148815.90626773,78583.59153481
2019-01-12,148815.90626773,78261.42654730
2019-01-13,148815.90626773,76072.26244823
2019-01-14,148815.90626773,79281.57961384
2019-01-15,148815.90626773,77391.64599005
2019-01-16,148815.90626773,78018.66689924
2019-01-17,148815.90626773,78713.19316510
2019-01-18,148815.90626773,78090.06679573
2019-01-19,148815.90626773,79643.33908939
2019-01-20,148815.90626773,76521.64906947
2019-01-21,148815.90626773,76408.92377835
2019-01-22,148815.90626773,77389.04963018
2019-01-23,148815.90626773,76859.17585289
2019-01-24,148815.90626773,77257.50072998
2019-01-25,148815.90626773,77025.34288472
2019-01-26,148815.90626773,76929.27756944
2019-01-27,148815.90626773,76446.13826985
2019-01-28,148815.90626773,74201.80152348
2019-01-29,148815.90626773,73357.98456495
2019-01-30,148815.90626773,74371.64673180
2019-01-31,148815.90626773,73847.18203758
2019-02-01,148815.90626773,74317.12317448
2019-02-02,148815.90626773,74922.72411472
2019-02-03,148815.90626773,73884.18016576
2019-02-04,148815.90626773,73798.71665329
2019-02-05,148815.90626773,74242.69419148
2019-02-06,148815.90626773,72798.03628581
2019-02-07,148815.90626773,72683.58008810
2019-02-08,148815.90626773,78387.13363779
2019-02-09,148815.90626773,78380.21001147
2019-02-10,148815.90626773,78980.61823196
2019-02-11,148815.90626773,77646.30562087
2019-02-12,148815.90626773,77586.58934380
2019-02-13,148815.90626773,77348.37332551
2019-02-14,148815.90626773,77035.29559756
2019-02-15,148815.90626773,77161.43541470
2019-02-16,148815.90626773,77456.33862354
2019-02-17,148815.90626773,78444.68628163
2019-02-18,148815.90626773,83728.27862197
2019-02-19,148815.90626773,84132.01258212
2019-02-20,148815.90626773,85172.07107434
2019-02-21,148815.90626773,84390.35038943
2019-02-22,148815.90626773,85243.25460751
2019-02-23,148815.90626773,89001.70188613
2019-02-24,148815.90626773,80718.23207656
2019-02-25,148815.90626773,82666.15107083
2019-02-26,148815.90626773,82111.17914811
2019-02-27,148815.90626773,82184.95904115
2019-02-28,148815.90626773,82031.12471871
2019-03-01,148815.90626773,82370.59877202
2019-03-02,148815.90626773,82444.37866506
2019-03-03,148815.90626773,81991.31386733
2019-03-04,148815.90626773,80025.43671728
2019-03-05,148815.90626773,83171.57579266
2019-03-06,148815.90626773,83333.41555804
2019-03-07,148815.90626773,83443.54448929
2019-03-08,148815.90626773,83183.90850205
2019-03-09,148815.90626773,84737.18079572
2019-03-10,148815.90626773,84336.69228540
2019-03-11,148815.90626773,83283.65199382
2019-03-12,148815.90626773,83510.61711933
2019-03-13,148815.90626773,83266.99201797
2019-03-14,148815.90626773,83403.08454795
2019-03-15,148815.90626773,84407.87581857
2019-03-16,148815.90626773,86328.96576082
2019-03-17,148815.90626773,85798.87562020
2019-03-18,148815.90626773,85887.36821919
2019-03-19,148815.90626773,86504.86914217
2019-03-20,148815.90626773,87228.82081993
2019-03-21,148815.90626773,85987.32807428
2019-03-22,148815.90626773,86157.38964592
2019-03-23,148815.90626773,86167.12599544
2019-03-24,148815.90626773,85896.02275210
2019-03-25,148815.90626773,84609.09370868
2019-03-26,148815.90626773,84870.24423918
2019-03-27,148815.90626773,87097.05555640
2019-03-28,148815.90626773,86809.94142718
2019-03-29,148815.90626773,88492.59898782
2019-03-30,148815.90626773,88599.04974259
2019-03-31,148815.90626773,88624.14788802
2019-04-01,148815.90626773,89494.79389857
2019-04-02,148815.90626773,106010.02268358
2019-04-03,148815.90626773,107710.63840000
2019-04-04,148815.90626773,106189.82060474
2019-04-05,148815.90626773,109041.27283461
2019-04-06,148815.90626773,109077.18914618
2019-04-07,148815.90626773,112310.95536725
2019-04-08,148815.90626773,114410.32868741
2019-04-09,148815.90626773,112348.81894872
2019-04-10,148815.90626773,115180.36575290
2019-04-11,148815.90626773,109051.44191077
2019-04-12,148815.90626773,109833.59532233
2019-04-13,148815.90626773,109558.38117586
2019-04-14,148815.90626773,111702.32534049
2019-04-15,148815.90626773,108772.54958781
2019-04-16,148815.90626773,112561.50409494
2019-04-17,148815.90626773,113238.50493166
2019-04-18,148815.90626773,114274.01979411
2019-04-19,148815.90626773,114454.25044192
2019-04-20,148815.90626773,115081.27135110
2019-04-21,148815.90626773,114578.44298915
2019-04-22,148815.90626773,116550.59467556
2019-04-23,148815.90626773,119677.47741522
2019-04-24,145366.92426304,117722.20206798
2019-04-25,137127.34120477,111049.55719591
2019-04-26,137732.21850840,111539.40375850
2019-04-27,138098.77842915,111836.25423725
2019-04-28,137886.91106970,111664.67812234
2019-04-29,137569.77796043,111407.85485830
2019-04-30,140772.90251573,114001.83473415
2019-05-01,142093.26631191,115071.10227493
2019-05-02,143872.09718097,116511.64927747
2019-05-03,151171.76930543,122423.12798028
2019-05-04,154015.28041079,124725.88282378
2019-05-05,152537.01798986,123528.74455928
2019-05-06,151899.54570785,123012.50167131
2019-05-07,153665.01797922,124442.23050772
2019-05-08,158723.91892632,128539.07002304
2019-05-09,164489.75686344,133208.40689023
2019-05-10,169462.89561333,137235.79377897
2019-05-11,192830.55621729,156159.57907228
2019-05-12,186335.07167407,150899.35397079
2019-05-13,208662.63186149,168980.83684883
2019-05-14,213363.52239036,172787.74951174
2019-05-15,219313.17463176,177605.94434495
2019-05-16,210531.49967902,170494.29829112
2019-05-17,196417.07252644,159064.04031620
2019-05-18,193970.04460067,157082.36864359
2019-05-19,219081.00220382,177417.92461752
2019-05-20,213888.24810782,173212.68707752
2019-05-21,212539.56408453,172120.48502453
2019-05-22,203717.27899480,164975.95174566
2019-05-23,210537.37746201,170499.05828422
2019-05-24,213711.38027434,173069.45455790
2019-05-25,215464.56263583,174489.23068145
2019-05-26,233328.21381749,188955.71516382
2019-05-27,234329.30712876,189766.42853398
2019-05-28,232919.44072803,188624.67928009
2019-05-29,231462.01771950,187444.41735476
2019-05-30,221158.53131735,179100.36581484
2019-05-31,228357.21244323,184930.05918166
2019-06-01,228599.53740542,185126.30071535
2019-06-02,233361.07596782,188982.32785251
2019-06-03,216506.53325604,175333.04763998
2019-06-04,204801.46278373,165853.95410917
2019-06-05,208018.48028064,168459.18487780
2019-06-06,208556.29742384,168894.72424640
2019-06-07,213770.95962006,173117.70357886
2019-06-08,211928.00748206,171625.22937887
2019-06-09,203932.08524574,165149.90785711
2019-06-10,214301.29594855,173547.18477442
2019-06-11,211576.14201877,171340.27888288
2019-06-12,218447.00315722,176904.49445275
2019-06-13,220096.25562864,178240.10524378
2019-06-14,232373.87559816,188182.86537514
2019-06-15,236639.27584218,191637.10582204
2019-06-16,239765.18770281,194168.55669763
2019-06-17,249364.40883448,201942.27451892
2019-06-18,242561.14220037,196432.79886969
2019-06-19,247889.35247700,200747.73261429
2019-06-20,254748.19087752,206302.21183465
2019-06-21,273106.37734585,221169.18482733
2019-06-22,284840.03521723,230671.42923367
2019-06-23,289399.32461053,234363.66933555
2019-06-24,294680.77979523,238640.73949868
2019-06-25,313954.03020567,254248.75687161
2019-06-26,345200.59173013,279553.09655135
2019-06-27,297996.65091508,241326.02469671
2019-06-28,330075.72024790,267304.55248998
2019-06-29,316829.06760158,256577.04258719
2019-06-30,287479.69412176,232809.09886195
2019-07-01,282599.26403987,228856.79004619
2019-07-02,289317.83716459,234297.67852212
2019-07-03,319736.16563197,258931.29190149
2019-07-04,297798.94366919,241165.91583791
2019-07-05,293831.44015378,237952.92049582
2019-07-06,300301.27618942,243192.37471832
2019-07-07,306445.16244131,248167.86568713
2019-07-08,328251.20297472,265827.00735926
2019-07-09,335761.13942689,271908.76399703
2019-07-10,323250.01116966,261776.90232164
2019-07-11,303219.86261383,245555.92765549
2019-07-12,315500.95581875,255501.50051005
2019-07-13,304009.35573760,246195.28127407
2019-07-14,272298.18218530,220514.68577616
2019-07-15,289881.56998732,234754.20513302
2019-07-16,251483.88394477,203658.68475790
2019-07-17,259139.42911182,209858.35940654
2019-07-18,284500.72683578,230396.64781384
2019-07-19,281477.14183349,227948.06409085
2019-07-20,287212.78933982,232592.95190257
2019-07-21,283208.68326672,229350.31478526
2019-07-22,275957.36926592,223477.99784386
2019-07-23,263084.75735506,213053.39659286
2019-07-24,260857.87911930,211250.00829815
2019-07-25,264071.69055277,213852.64270691
2019-07-26,263082.61997943,213051.66568627
2019-07-27,253315.61486071,205142.07169833
2019-07-28,254700.09992582,206263.26643656
2019-07-29,253690.18994007,205445.41307676
2019-07-30,256314.62004323,207570.74999564
2019-07-31,269451.99936040,218209.76729944
2019-08-01,278064.82163828,225184.67173332
2019-08-02,281318.97603678,227819.97700381
2019-08-03,289120.66426261,234138.00238997
2019-08-04,293540.75706794,237717.51720072
2019-08-05,315262.90560782,255308.72078952
2019-08-06,306446.23112912,248168.73114042
2019-08-07,319846.77482088,259020.86631708
2019-08-08,320163.64075821,259277.47321781
2019-08-09,316847.76963836,256592.18801978
2019-08-10,301188.28707637,243910.70094968
2019-08-11,308015.33201438,249439.43293464
2019-08-12,304178.20841246,246332.02289402
2019-08-13,290209.65714671,235019.89929330
2019-08-14,267786.18222784,216860.74198241
2019-08-15,275225.58528418,222885.37870299
2019-08-16,276638.92492031,224029.94068007
2019-08-17,272806.34324162,220926.20881594
2019-08-18,275694.47206328,223265.09633433
2019-08-19,291946.80919097,236426.69361749
2019-08-20,287803.50652989,233071.33120906
2019-08-21,270772.09598462,219278.81847690
2019-08-22,270164.54696146,218786.80828108
2019-08-23,277901.57957445,225052.47374315
2019-08-24,271171.51805571,219602.28164434
2019-08-25,270825.53037540,219322.09114144
2019-08-26,276816.05992575,224173.38956302
2019-08-27,271641.47352262,219982.86472897
2019-08-28,259471.52385052,210127.29901666
2019-08-29,253546.18425692,205328.79324582
2019-08-30,255944.05254317,207270.65406705
2019-08-31,256328.78015679,207582.21725174
2019-09-01,260961.00749351,211333.52454071
2019-09-02,277444.18118937,224682.05973469
2019-09-03,283672.76095064,229726.13787679
2019-09-04,282835.17687516,229047.83886013
2019-09-05,282498.54021325,228775.22107353
2019-09-06,275483.40621970,223094.16930939
2019-09-07,280113.49618078,226843.74569179
2019-09-08,277863.64115699,225021.75015133
2019-09-09,275386.15562848,223015.41305993
2019-09-10,269736.80466326,218440.41060144
2019-09-11,271298.69190576,219705.27058594
2019-09-12,278402.25981605,225457.93860989
2019-09-13,277021.24798635,224339.55659486
2019-09-14,276666.44363157,224052.22610231
2019-09-15,275340.46922436,222978.41493175
2019-09-16,274385.06231721,222204.69968977
2019-09-17,272401.31055951,220598.20201873
2019-09-18,271235.37215269,219653.99247846
2019-09-19,274426.47397007,222238.23600479
2019-09-20,271687.69427064,220020.29558380
2019-09-21,266778.67678968,216044.83589251
2019-09-22,267721.79378695,216808.59842164
2019-09-23,258680.96203893,209487.07994479
2019-09-24,228079.88795508,184705.47405270
2019-09-25,225283.66628556,182441.01551732
2019-09-26,215207.81038813,174281.30552834
2019-09-27,218752.91504443,177152.23045724
2019-09-28,219563.78192452,177808.89314164
2019-09-29,215009.30162639,174120.54757957
2019-09-30,221711.31008997,179548.02152950
2019-10-01,222260.61562719,179992.86452097
2019-10-02,223714.29822836,181170.09735978
2019-10-03,220147.55264379,178281.64700174
2019-10-04,217800.44702878,176380.89521182
2019-10-05,217616.09838059,176231.60451916
2019-10-06,209840.05866233,169934.35001197
2019-10-07,219228.74829433,177537.57353497
2019-10-08,218507.65119075,176953.60892701
2019-10-09,229402.92347079,185776.90522671
2019-10-10,229289.90973430,185685.38354121
2019-10-11,220832.31436164,178836.18619782
2019-10-12,221844.36172301,179655.77046421
2019-10-13,221297.46073338,179212.87474264
2019-10-14,223435.63788044,180944.43041421
2019-10-15,217882.20164667,176447.10238856
2019-10-16,213627.75545277,173001.73283789
2019-10-17,215696.46789182,174677.03404556
2019-10-18,212537.42670890,172118.75411795
2019-10-19,212681.96673596,172235.80667553
2019-10-20,220035.87476706,178191.20713285
2019-10-21,219445.69192090,177713.26055301
2019-10-22,214429.53848642,173651.03916931
2019-10-23,199598.02180957,161640.06203627
2019-10-24,198642.34773047,160866.13043097
2019-10-25,231441.97982296,187428.19010556
2019-10-26,247207.52965064,200195.57341476
2019-10-27,245743.06763150,206780.15841449
2019-10-28,245743.06763150,199409.95819004
2019-10-29,245743.06763150,203964.40613287
2019-10-30,245743.06763150,198187.50541678
2019-10-31,245743.06763150,197973.95481728
2019-11-01,245743.06763150,200145.80985054
2019-11-02,245743.06763150,201320.66269280
2019-11-03,245743.06763150,199205.71121341
2019-11-04,245743.06763150,203614.33027675
2019-11-05,245743.06763150,201653.64584644
2019-11-06,245743.06763150,202186.76507357
2019-11-07,245743.06763150,199040.40963487
2019-11-08,245743.06763150,189693.73045755
2019-11-09,245743.06763150,190663.90359654
2019-11-10,245743.06763150,195256.86421081
2019-11-11,245743.06763150,188676.60647754
2019-11-12,245743.06763150,190700.68536140
2019-11-13,245743.06763150,189431.28174711
2019-11-14,245743.06763150,186870.83818628
2019-11-15,245743.06763150,183118.88180734
2019-11-16,245743.06763150,183576.27387153
2019-11-17,245743.06763150,183893.89522925
2019-11-18,245743.06763150,176782.89826540
2019-11-19,245743.06763150,175722.28525752
2019-11-20,245743.06763150,175004.17538948
2019-11-21,245743.06763150,164685.15943995
2019-11-22,245743.06763150,157639.07147290
2019-11-23,245743.06763150,158386.39038951
2019-11-24,245743.06763150,149471.57240430
2019-11-25,245743.06763150,154096.98751698
2019-11-26,245743.06763150,154899.26271755
2019-11-27,245743.06763150,162874.84751892
2019-11-28,245743.06763150,160903.34492247
2019-11-29,245743.06763150,167761.41316210
2019-11-30,245743.06763150,163368.80498464
2019-12-01,245743.06763150,160382.77476806
2019-12-02,245743.06763150,158153.79981760
2019-12-03,245743.06763150,157954.52919740
2019-12-04,245743.06763150,155733.55968988
2019-12-05,245743.06763150,159901.58273837
2019-12-06,245743.06763150,163176.67435408
2019-12-07,245743.06763150,162329.82830904
2019-12-08,245743.06763150,162797.38944939
2019-12-09,245743.06763150,158821.92975810
2019-12-10,245743.06763150,156129.28820710
2019-12-11,245743.06763150,155942.13393296
2019-12-12,245743.06763150,155531.04361983
2019-12-13,245743.06763150,157025.03236308
2019-12-14,245743.06763150,152731.51858742
2019-12-15,245743.06763150,153944.23501115
2019-12-16,245743.06763150,148905.34958879
2019-12-17,245743.06763150,143065.91987244
2019-12-18,245743.06763150,157662.00598511
2019-12-19,245743.06763150,154690.47211114
2019-12-20,245743.06763150,155654.15435045
2019-12-21,245743.06763150,154643.52127012
2019-12-22,245743.06763150,162482.36445154
2019-12-23,245743.06763150,158295.08506733
2019-12-24,245743.06763150,156896.29618607
2019-12-25,245743.06763150,155690.50338866
2019-12-26,245743.06763150,155528.44725996
2019-12-27,245743.06763150,156776.86363194
2019-12-28,245743.06763150,157863.87296518
2019-12-29,245743.06763150,159795.99743690
2019-12-30,245743.06763150,156219.51171266
2019-12-31,245743.06763150,155097.01879450
2020-01-01,245743.06763150,155320.30574352
2020-01-02,245743.06763150,150384.62562609
2020-01-03,245743.06763150,158787.09526315
2020-01-04,245743.06763150,158907.60963389
2020-01-05,245743.06763150,159172.00561423
2020-01-06,245743.06763150,167957.22196914
2020-01-07,245743.06763150,176531.05135777
2020-01-08,245743.06763150,174052.17676960
2020-01-09,245743.06763150,168910.08604231
2020-01-10,245743.06763150,177417.92461752
2020-01-11,245743.06763150,173441.59947294
2020-01-12,245743.06763150,177001.64158465
2020-01-13,245743.06763150,175362.68941519
2020-01-14,245743.06763150,190681.86175232
2020-01-15,245743.06763150,190598.12914644
2020-01-16,245743.06763150,188455.69952506
2020-01-17,245743.06763150,192403.89743769
2020-01-18,245743.06763150,192747.91512078
2020-01-19,245743.06763150,188162.52722280
2020-01-20,245743.06763150,186617.04400876
2020-01-21,245743.06763150,188623.16473683
2020-01-22,245743.06763150,187282.57758938
2020-01-23,245743.06763150,181278.71174778
2020-01-24,245743.06763150,182224.00310465
2020-01-25,245743.06763150,180219.82964648
2020-01-26,245743.06763150,185866.47964231
2020-01-27,245743.06763150,192445.22283233
2020-01-28,245743.06763150,203381.52334152
2020-01-29,245743.06763150,200983.78499936
2020-01-30,245743.06763150,205545.15656852
2020-01-31,245743.06763150,201820.46196824
2020-02-01,245743.06763150,202887.56587580
2020-02-02,245743.06763150,201853.78191994
2020-02-03,245743.06763150,200960.20139718
2020-02-04,245743.06763150,198175.17270739
2020-02-05,245743.06763150,208107.33103593
2020-02-06,245743.06763150,211054.41585443
2020-02-07,245743.06763150,212110.05250588
2020-02-08,245743.06763150,214242.96214106
2020-02-09,245743.06763150,220127.39542853
2020-02-10,245743.06763150,213118.08922634
2020-02-11,245743.06763150,222183.06335750
2020-02-12,245743.06763150,223909.64267265
2020-02-13,245743.06763150,221310.90280370
2020-02-14,245743.06763150,224239.81310309
2020-02-15,245743.06763150,214194.92948342
2020-02-16,245743.06763150,214478.58179948
2020-02-17,245743.06763150,209810.75947555
2020-02-18,245743.06763150,220369.72234996
2020-02-19,229794.59757581,207616.18629340
2020-02-20,230202.66491649,207984.86939529
2020-02-21,232199.17748650,209788.69041663
2020-02-22,231528.64429758,209182.87311307
2020-02-23,238643.00143202,215610.59470385
2020-02-24,231156.25890159,208846.42814628
2020-02-25,222842.12631126,201334.72630878
2020-02-26,210244.72350057,189953.15008147
2020-02-27,211134.13788044,190756.72346197
2020-02-28,208436.19969959,188319.17426844
2020-02-29,204219.02489356,184509.01615569
2020-03-01,204248.00150637,184535.19611774
2020-03-02,213549.01526511,192938.53120808
2020-03-03,209672.13605246,189435.82537689
2020-03-04,209620.16973031,189388.87453587
2020-03-05,217124.63349502,196169.05197932
2020-03-06,219211.42856940,198054.44197332
2020-03-07,212988.40162394,192432.02466964
2020-03-08,192387.94572735,173819.80256102
2020-03-09,190054.25075377,171711.34198131
2020-03-10,188848.96734668,170622.38537816
2020-03-11,190014.01876243,171674.99294309
2020-03-12,115946.44376205,104755.98086521
2020-03-13,134651.20654311,121655.47091134
2020-03-14,123794.07683380,111846.20695009
2020-03-15,127967.42750641,115616.77057478
2020-03-16,120538.39872546,108904.74757798
2020-03-17,127520.80450737,115213.25297795
2020-03-18,129482.83251337,116985.91768083
2020-03-19,148024.51204384,133738.06430420
2020-03-20,148718.03494210,134364.65248674
2020-03-21,148182.56629552,133880.86409718
2020-03-22,139211.07170391,125775.24493887
2020-03-23,155504.07029011,140495.73996209
2020-03-24,162092.77729966,146448.54405953
2020-03-25,160262.70064619,144795.09554746
2020-03-26,159219.10872191,146277.18430795
2020-03-27,159219.10872191,137953.90364701
2020-03-28,159219.10872191,135293.71659441
2020-03-29,159219.10872191,127024.74312746
2020-03-30,159219.10872191,138640.64083326
2020-03-31,159219.10872191,138929.91859571
2020-04-01,159219.10872191,143926.39680682
2020-04-02,159219.10872191,147170.11574074
2020-04-03,159219.10872191,145884.48487725
2020-04-04,159219.10872191,148849.52785153
2020-04-05,159219.10872191,146590.47839922
2020-04-06,159219.10872191,159079.61847544
2020-04-07,159219.10872191,155840.65953462
2020-04-08,159219.10872191,159402.64891623
2020-04-09,159219.10872191,157813.89303764
2020-04-10,159219.10872191,148793.70611428
2020-04-11,159219.10872191,148926.76955774
2020-04-12,159219.10872191,149468.97604442
2020-04-13,159219.10872191,148516.54469790
2020-04-14,159219.10872191,148852.55693805
2020-04-15,159219.10872191,143210.88329865
2020-04-16,159219.10872191,153870.45511811
2020-04-17,159219.10872191,151977.70877113
2020-04-18,159219.10872191,157128.67039465
2020-04-19,159219.10872191,154189.15829245
2020-04-20,159219.10872191,148014.14906259
2020-04-21,159219.10872191,148316.62498772
2020-04-22,159219.10872191,154435.59611700
2020-04-23,159219.10872191,161938.85978492
2020-04-24,159219.10872191,162392.14094597
2020-04-25,159219.10872191,163301.51599128
2020-04-26,159219.10872191,166637.18933735
2020-04-27,159219.10872191,168469.35395397
2020-04-28,159219.10872191,168066.48544710
2020-04-29,159219.10872191,190190.28428315
2020-04-30,159219.10872191,186663.56212314
2020-05-01,159219.10872191,191101.60659836
2020-05-02,159219.10872191,194376.26548742
2020-05-03,159219.10872191,192909.10579619
2020-05-04,159219.10872191,192192.72683473
2020-05-05,159219.10872191,195481.01661313
2020-05-06,159219.10872191,198065.90922943
2020-05-07,159219.10872191,216363.32270352
2020-05-08,159219.10872191,212065.26529808
2020-05-09,159219.10872191,206552.54419901
2020-05-10,159219.10872191,188910.49522938
2020-05-11,159219.10872191,185466.20749531
2020-05-12,159219.10872191,190950.58499911
2020-05-13,159219.10872191,201553.25326470
2020-05-14,159219.10872191,211895.42008976
2020-05-15,159219.10872191,201352.25173792
2020-05-16,159219.10872191,203145.03822981
2020-05-17,159219.10872191,209130.29682566
2020-05-18,159219.10872191,210346.47506256
2020-05-19,159219.10872191,211768.84754599
2020-05-20,159219.10872191,205902.37241430
2020-05-21,159219.10872191,196078.61211043
2020-05-22,160025.51866138,198447.57413067
2020-05-23,160226.16208595,198696.39195177
2020-05-24,152118.59748063,188642.20470923
2020-05-25,155342.67560458,192640.38254940
2020-05-26,154249.60512206,191284.86633269
2020-05-27,160689.21221534,199270.62021022
2020-05-28,167098.98450374,207219.37595957
2020-05-29,164371.28076492,203836.75177248
2020-05-30,169327.34782422,209982.76831710
2020-05-31,164810.07921081,204380.90552907
2020-06-01,178025.50198792,220769.34540698
2020-06-02,166197.83381863,206101.85939783
2020-06-03,168697.32747108,209201.48035883
2020-06-04,170842.11844341,211861.23468478
2020-06-05,167842.41200989,208141.30007760
2020-06-06,168712.33210979,209220.08760458
2020-06-07,170111.42743291,210955.10508931
2020-06-08,170686.48893497,211668.23860093
2020-06-09,170579.01384842,211534.95879415
2020-06-10,172628.71728475,214076.79510923
2020-06-11,161635.90023420,200444.60759919
2020-06-12,165104.58886357,204746.12681779
2020-06-13,165285.86583585,204970.92831007
2020-06-14,162782.70825999,201866.76371930
2020-06-15,164617.46152323,204142.04042081
2020-06-16,166277.56777083,206200.73743630
2020-06-17,165073.53275090,204707.61414635
2020-06-18,163564.17078054,202835.85504167
2020-06-19,162334.83724185,201311.35906993
2020-06-20,163227.08982727,202417.84110221
2020-06-21,161963.38519759,200850.72155590
2020-06-22,168943.85717448,209507.20173380
2020-06-23,167891.61326705,208202.31453460
2020-06-24,162016.25037815,200916.27964268
2020-06-25,161203.55727239,199908.45928554
2020-06-26,159786.49127734,198151.15637857
2020-06-27,157187.54827532,194928.20832363
2020-06-28,159084.23929136,197280.29400470
2020-06-29,160320.72620431,198813.66087268
2020-06-30,159345.07574329,197603.75717214
2020-07-01,161097.12902110,199776.47765869
2020-07-02,158646.48768072,196737.43842805
2020-07-03,158125.86161211,196091.81027311
2020-07-04,159442.08247726,197724.05517956
2020-07-05,158365.58688633,196389.09347850
2020-07-06,163100.77170606,202261.19405658
2020-07-07,161512.02472859,200290.98964007
2020-07-08,164652.53050439,204185.52944867
2020-07-09,161123.64884765,199809.36488374
2020-07-10,161972.10882475,200861.53972203
2020-07-11,161182.96951231,199882.92841346
2020-07-12,162367.11466233,201351.38628463
2020-07-13,161092.24378990,199770.41948566
2020-07-14,161414.84352209,200170.47526933
2020-07-15,160341.48843694,198839.40810808
2020-07-16,159343.50549041,197601.80990223
2020-07-17,159755.78410975,198113.07643377
2020-07-18,160120.95514246,198565.92486819
2020-07-19,160723.93225141,199313.67651144
2020-07-20,159859.24632781,198241.37988414
2020-07-21,163851.52705902,203192.20543416
2020-07-22,166438.25698302,206400.00805651
2020-07-23,167793.73417037,208080.93471056
2020-07-24,166584.81391923,206581.75324758
2020-07-25,169429.93767956,210109.98995084
2020-07-26,173506.83759418,215165.75171238
2020-07-27,192725.68610681,238999.03716107
2020-07-28,190860.22567599,236685.68051476
2020-07-29,193859.40869188,240404.96603198
2020-07-30,193875.98358347,240425.52054763
2020-07-31,198143.93093278,245718.20014752
2020-08-01,206182.75335612,255687.14024092
2020-08-02,193170.06767409,239550.11454399
2020-08-03,196044.15387658,243114.26755883
2020-08-04,195276.99810457,242162.91802891
2020-08-05,205096.66177532,254340.27855711
2020-08-06,205355.57902928,254661.36172800
2020-08-07,202402.98018240,250999.84521795
2020-08-08,205474.56930367,254808.92151408
2020-08-09,203836.79554159,252777.91900390
2020-08-10,207537.18370820,257366.76871504
2020-08-11,198770.28736251,246494.94447601
2020-08-12,201783.60265439,250231.75542236
2020-08-13,205760.00638419,255162.89191002
2020-08-14,205524.64292354,254871.01778770
2020-08-15,206788.34755322,256438.13733401
2020-08-16,207866.93681466,257775.69539495
2020-08-17,214572.96348125,266091.83606624
2020-08-18,208636.01178465,258729.42492141
2020-08-19,205136.96493278,254390.25848466
2020-08-20,206913.44436662,256593.26983639
2020-08-21,201197.20043703,249504.55829477
2020-08-22,203569.32913302,252446.23403020
2020-08-23,203167.16992118,251947.51657138
2020-08-24,205211.11576359,254482.21289681
2020-08-25,197657.85042771,245115.41193048
2020-08-26,200107.79387792,248153.58570783
2020-08-27,197677.39135254,245139.64462262
2020-08-28,201281.64514790,249609.27814296
2020-08-29,200149.84176081,248205.72926860
2020-08-30,204289.37731840,253339.16546298
2020-08-31,203347.74900329,252171.45261037
2020-09-01,208040.36252250,257990.76053771
2020-09-02,198871.48143751,246620.43520318
2020-09-03,177264.10380984,219825.13586672
2020-09-04,182434.07420697,226236.41384497
2020-09-05,177389.54956832,219980.70109574
2020-09-06,179011.79527407,221992.44727021
2020-09-07,181052.60061071,224523.24905583
2020-09-08,176635.30476450,219045.36245171
2020-09-09,178534.26392360,221400.26085598
2020-09-10,180449.79797430,223775.71377590
2020-09-11,181330.01195424,224867.26673892
2020-09-12,182207.43437349,225955.35788878
2020-09-13,180313.53491814,223606.73402087
2020-09-14,186252.05686763,230971.09243561
2020-09-15,188148.22446604,233322.52902671
2020-09-16,191074.30348637,236951.15831172
2020-09-17,190881.16238116,236711.64411349
2020-09-18,190719.42633371,236511.07531334
2020-09-19,193267.07440805,239670.41255141
2020-09-20,190585.08247552,236344.47555486
2020-09-21,181648.42434540,225262.12980285
2020-09-22,183794.78557061,227923.83139870
2020-09-23,178545.08122128,221413.67538198
2020-09-24,187453.64927196,232461.18663905
2020-09-25,186507.83361582,231288.28106669
2020-09-26,187193.16176511,232138.15619825
2020-09-27,188092.91666988,233253.94185342
2020-09-28,186502.07602189,231281.14107704
2020-09-29,189065.77557021,234460.38374079
2020-09-30,188050.34536936,233201.14920268
2020-10-01,185337.12285162,229836.48317137
2020-10-02,184566.47762874,228880.80637501
2020-10-03,184132.38994151,228342.49442813
2020-10-04,186155.74802384,230851.65988148
2020-10-05,188343.11029669,233564.20685817
2020-10-06,185051.33682602,229482.08004879
2020-10-07,186147.19886923,230841.05807867
2020-10-08,190614.74280785,236381.25731972
2020-10-09,192827.05465436,239124.74425156
2020-10-10,197174.91042841,244516.51825324
2020-10-11,198426.40198006,246068.49236697
2020-10-12,201271.17679531,249596.29634359
2020-10-13,199386.87332983,247259.57245843
2020-10-14,199401.87796854,247278.17970419
2020-10-15,200837.26358062,249058.20076004
2020-10-16,197535.37070245,244963.52487794
2020-10-17,198302.00305683,245914.22531789
2020-10-18,200991.84625381,249249.89866395
2020-10-19,205251.94233868,254532.84191432
2020-10-20,207990.63784772,257929.09699074
2020-10-21,223371.43935724,277002.82206668
2020-10-22,226522.23901309,280910.12731132
2020-10-23,225795.21192599,280008.54134563
2020-10-24,228955.60757170,283927.74657302
2020-10-25,227496.31922121,282118.08374195
2020-10-26,227978.56133034,282716.11196590
2020-10-27,238118.38211768,295290.49919125
2020-10-28,231607.59022682,287216.46907806
2020-10-29,234987.29785921,291407.64300208
2020-10-30,236621.93111552,293434.75097245
2020-10-31,241052.66134754,298929.29755242
2020-11-01,240109.11383446,297759.20470326
2020-11-02,236649.67224987,293469.15274076
2020-11-03,244987.01719445,303808.29047931
2020-11-04,247063.41492988,306383.23038276
2020-11-05,272265.10141796,337635.83053016
2020-11-06,272143.84300050,337485.45802088
2020-11-07,258899.28330870,321060.88546808
2020-11-08,270243.13911597,335128.39598339
2020-11-09,267502.00099133,331729.11182045
2020-11-10,267181.14598457,331331.21967001
2020-11-11,274059.55152374,339861.12730413
2020-11-12,284390.24527324,352672.21600452
2020-11-13,285011.01858159,353442.03670669
2020-11-14,280662.46491736,348049.39725171
2020-11-15,278728.43677710,345651.00981958
2020-11-16,291798.69839835,361859.43541301
2020-11-17,308478.44799125,382543.98542645
2020-11-18,310315.99281518,384822.72394113
2020-11-19,311005.50830551,385677.79179244
2020-11-20,326048.18202651,404332.20474899
2020-11-21,326699.83697499,405140.32175927
2020-11-22,321643.62267595,398870.11266742
2020-11-23,320738.98253997,397748.26883922
2020-11-24,334304.22276600,414570.51717915
2020-11-25,326829.47007451,405301.07970804
2020-11-26,299396.45423272,371281.40902662
2020-11-27,299297.00488316,371158.08193269
2020-11-28,309545.52206485,383867.26350808
2020-11-29,317400.97384538,393608.80574933
2020-11-30,343714.22490555,426239.85662565
2020-12-01,327509.91299260,406144.89666657
2020-12-02,335450.50737417,415992.02420929
2020-12-03,339321.18074284,420792.04452339
2020-12-04,325805.83966414,404031.67609375
2020-12-05,334327.07866914,414598.86077442
2020-12-06,338137.90795554,419324.66846884
2020-12-07,334524.93053302,414844.21678236
2020-12-08,319571.41228155,396300.36548372
2020-12-09,323762.41723935,401497.62885829
2020-12-10,318417.62535403,394869.55483070
2020-12-11,314748.81671772,390319.86688097
2020-12-12,328281.08163310,407101.22255290
2020-12-13,334330.56812001,414603.18804088
2020-12-14,336284.13718510,417025.80816515
2020-12-15,339085.11939203,420499.30494777
2020-12-16,372772.80143140,462275.38438466
2020-12-17,398045.84718961,493616.47713104
2020-12-18,403662.11835200,500581.21248876
2020-12-19,415994.71006102,515874.85395381
2020-12-20,409501.88884210,507823.10926285
2020-12-21,396611.15946770,491837.32152848
2020-12-22,415857.05122452,515704.14329220
2020-12-23,405608.70851537,502995.17808012
2020-12-24,413958.44101050,513349.67761458
2020-12-25,431037.03483693,534528.83418371
2020-12-26,461763.91781990,572633.22803438
2020-12-27,458157.91929911,568161.43088081
2020-12-28,471737.29180113,585001.20464988
2020-12-29,477531.35048494,592186.41423342
2020-12-30,503899.38592364,624885.40319307
2020-12-31,505844.58030666,627297.63787785
2021-01-01,512995.33748561,636165.28865871
2021-01-02,562089.99191598,697047.54766994
2021-01-03,577466.25713938,716115.64729949
2021-01-04,558414.72779558,692489.85427727
2021-01-05,593887.96184104,736480.19595866
2021-01-06,642930.27450848,797297.54597308
2021-01-07,689349.56696295,854862.08979403
2021-01-08,709528.71235281,879886.23897087
2021-01-09,702061.11303558,870625.67239599
2021-01-10,666026.77529151,825939.50626879
2021-01-11,618602.52098879,767128.70970909
2021-01-12,593817.64940617,736393.00153962
2021-01-13,652413.72958868,809057.97437844
2021-01-14,682786.95672678,846723.79977399
2021-01-15,641301.22437355,795277.36162903
2021-01-16,628101.15518024,778907.96172352
2021-01-17,624947.56396370,774997.19466572
2021-01-18,638865.23872679,792256.49691750
2021-01-19,626663.85037018,777125.56067112
2021-01-20,619323.61600942,768022.93932181
2021-01-21,537692.62385159,666792.38244019
2021-01-22,575620.86105101,713827.17243530
2021-01-23,560362.01584912,694904.68532192
2021-01-24,563351.42840259,698611.85449306
2021-01-25,562869.70971109,698014.47535909
2021-01-26,567114.80115726,703278.81136370
2021-01-27,530826.08244535,658277.18751201
2021-01-28,584219.04244753,724489.77334127
2021-01-29,597562.17912618,741036.59117140
2021-01-30,598842.10970237,742623.83250673
2021-01-31,578226.08506458,717057.90956985
2021-02-01,585054.24251134,725525.50456704
2021-02-02,619764.15918075,768569.25671162
2021-02-03,657615.45398866,815508.63048142
2021-02-04,645484.20359437,800464.67229077
2021-02-05,668578.78517944,829104.25258992
2021-02-06,685364.78855109,849920.56786689
2021-02-07,677972.21242740,840753.03752077
2021-02-08,809839.60733763,1004281.73499736
2021-02-09,811388.05115765,1006201.95948632
2021-02-10,782590.13661119,970489.67853143
2021-02-11,837145.08375041,1038143.24408988
2021-02-12,826927.27373631,1025472.14245928
2021-02-13,824007.30125498,1021851.08589057
2021-02-14,849027.01288061,1052878.01909239
2021-02-15,836466.21108521,1037301.37440125
2021-02-16,857820.95247048,1063783.37964644
2021-02-17,910297.93162138,1128860.05803154
2021-02-18,899921.35159305,1115992.06577728
2021-02-19,976846.99373602,1211387.52020900
2021-02-20,975930.31499457,1210250.74731153
2021-02-21,1003093.42181218,1243935.70393273
2021-02-22,945181.44847117,1172119.09168221
2021-02-23,852960.14741971,1057755.49747602
2021-02-24,868070.69095998,1076494.07576510
2021-02-25,821566.43037702,1018824.16300600
2021-02-26,808066.61735465,1002083.05091208
2021-02-27,804492.54730925,997650.84824657
2021-02-28,789330.53436877,978848.44277730
2021-03-01,865895.54176515,1073796.67422100
2021-03-02,846477.09666320,1049715.86913113
2021-03-03,878987.08903666,1090031.49613979
2021-03-04,843757.94207899,1046343.84674685
2021-03-05,850365.39175873,1054537.74214083
2021-03-06,853251.51656669,1058116.82422493
2021-03-07,889239.44461430,1102745.43770829
2021-03-08,914721.15953405,1134345.30098863
2021-03-09,958360.58095931,1188462.52798900
2021-03-10,974469.10744611,1208438.70448392
2021-03-11,1007964.34627044,1249976.13517586
2021-03-12,999222.39949842,1239135.25089198
2021-03-13,1067164.62486970,1323390.37420120
2021-03-14,1029673.96480838,1276898.22341943
2021-03-15,970841.47432997,1203940.07827834
2021-03-16,992894.28036018,1231287.75317765
2021-03-17,1027674.68393699,1274418.91610461
2021-03-18,1005800.18884583,1247292.36452109
2021-03-19,1013196.95231056,1256465.08758696
2021-03-20,1014355.27552420,1257901.52368637
2021-03-21,1001154.68291325,1241531.47469088
2021-03-22,943389.09203590,1169896.39126811
2021-03-23,948460.13650110,1176184.99124238
2021-03-24,912273.65869945,1131310.15629779
2021-03-25,895499.69393327,1110508.77009009
2021-03-26,961018.67015344,1191758.82321033
2021-03-27,974244.56128314,1208160.24488760
2021-03-28,973398.36944910,1207110.88277251
2021-03-29,1004963.59300167,1246254.90238875
2021-03-30,1025210.95715588,1271363.64962476
2021-03-31,1025594.62227816,1271839.43257138
2021-04-01,1024651.59818270,1270669.98881218
2021-04-02,1029450.81442575,1276621.49472969
2021-04-03,995617.44781289,1234664.75191835
2021-04-04,1015642.70841973,1259498.06864457
2021-04-05,1031568.91109899,1279248.14546727
2021-04-06,1012260.03475411,1255303.21654406
2021-04-07,975874.30930823,1210181.29468494
2021-04-08,1013626.15476658,1256997.34136080
2021-04-09,1013852.27118244,1257277.74822702
2021-04-10,1042768.82705820,1293137.15624135
2021-04-11,1046473.40256585,1297731.19867224
2021-04-12,1043898.18782969,1294537.67602919
2021-04-13,1109025.64766314,1375302.20985329
2021-04-14,1098934.33024278,1362787.97163164
2021-04-15,1103350.23030864,1368264.12732918
2021-04-16,1071893.70315043,1329254.90206298
2021-04-17,1047398.63046191,1298878.57337252
2021-04-18,981941.94093962,1217705.76195848
2021-04-19,971716.97755125,1205025.78943165
2021-04-20,985825.52527648,1222521.79315846
2021-04-21,938771.15276513,1164169.68684288
2021-04-22,901743.01941556,1118251.11522959
2021-04-23,892892.02730410,1107275.00386902
2021-04-24,874437.89194787,1084390.03886371
2021-04-25,857156.21208127,1062959.03538696
2021-04-26,943432.53569913,1169950.26573546
2021-04-27,961193.49164163,1191975.61925968
2021-04-28,957888.63273023,1187877.26520109
2021-04-29,935067.62409275,1159576.94259193
2021-04-30,1008019.82853915,1250044.93871248
2021-05-01,1009356.98610947,1251703.14721766
2021-05-02,987909.94874890,1225106.68577476
2021-05-03,998373.24163115,1238082.21060040
2021-05-04,928836.68616102,1151849.95924835
2021-05-05,1003390.37408053,1244303.95430796
2021-05-06,984851.96848599,1221314.48581780
2021-05-07,1001153.63607799,1241530.17651095
2021-05-08,1029121.93368201,1276213.64986640
2021-05-09,1017266.34990582,1261511.54572561
2021-05-10,974965.13288614,1209053.82541035
2021-05-11,990370.70949678,1228158.27407812
2021-05-12,861659.87183631,1068544.02183581
2021-05-13,867040.60506551,1075216.66670788
2021-05-14,870276.54732239,1079229.55725400
2021-05-15,814941.88238805,1010609.06400640
2021-05-16,810333.36463461,1004894.04320060
2021-05-17,760584.96158525,943201.07081922
2021-05-18,748099.00851084,927717.24599351
2021-05-19,641717.51586139,795793.60451700
2021-05-20,709072.11770751,879320.01615536
2021-05-21,651396.03124478,807795.92711713
2021-05-22,654281.45816256,811374.14374795
2021-05-23,605538.19143400,750927.64046863
2021-05-24,677648.91480503,840352.11628380
2021-05-25,669934.78578441,830785.82833394
2021-05-26,685843.89015444,850514.70155102
2021-05-27,671779.83292769,833073.87047150
2021-05-28,622735.42658974,772253.92409720
2021-05-29,604234.70706450,749311.19008474
2021-05-30,622478.25406121,771935.00455954
2021-05-31,651505.07658421,807931.15419382
2021-06-01,640197.33659336,793908.43088631
2021-06-02,655831.12329038,813295.88278017
2021-06-03,684279.22038792,848574.35527305
2021-06-04,643582.45287458,798106.31207334
2021-06-05,619938.28277876,768785.18730768
2021-06-06,624766.11251888,774772.17681011
2021-06-07,585924.51155633,726604.72482067
2021-06-08,582942.25237712,722906.42654576
2021-06-09,652527.31121424,809198.82690152
2021-06-10,640445.78549473,794216.53225784
2021-06-11,651499.84240792,807924.66329414
2021-06-12,620123.57261953,769014.96515639
2021-06-13,680682.99232954,844114.67446556
2021-06-14,707185.89504406,876980.91227365
2021-06-15,700881.85311677,869163.27269786
2021-06-16,669171.81735343,829839.67152378
2021-06-17,664699.91160124,824294.06319965
2021-06-18,625309.59449064,775446.14856032
2021-06-19,619500.70564066,768242.54809435
2021-06-20,614953.77788484,770032.08913640
2021-06-21,614953.77788484,684447.19684586
2021-06-22,614953.77788484,704160.05917706
2021-06-23,614953.77788484,728111.91172660
2021-06-24,614953.77788484,749684.20045308
2021-06-25,614953.77788484,683659.41798791
2021-06-26,614953.77788484,698191.02783041
2021-06-27,614953.77788484,750769.91160638
2021-06-28,614953.77788484,746174.57099556
2021-06-29,614953.77788484,776915.90461142
2021-06-30,614953.77788484,758077.15010393
2021-07-01,614953.77788484,726206.39994358
2021-07-02,614953.77788484,731558.14673056
2021-07-03,614953.77788484,750527.58468496
2021-07-04,614953.77788484,763529.07310933
2021-07-05,614953.77788484,729235.48646138
2021-07-06,614953.77788484,740916.50952730
2021-07-07,614953.77788484,733092.37905183
2021-07-08,614953.77788484,711809.15172447
2021-07-09,614953.77788484,731879.87899142
2021-07-10,614953.77788484,725197.93049647
2021-07-11,614953.77788484,741228.93816528
2021-07-12,614953.77788484,716270.77980187
2021-07-13,614953.77788484,708113.88253608
2021-07-14,614953.77788484,710181.23408448
2021-07-15,614953.77788484,689087.97375446
2021-07-16,614953.77788484,679124.87547077
2021-07-17,614953.77788484,682186.63285029
2021-07-18,614953.77788484,687530.15783102
2021-07-19,614953.77788484,667032.76209171
2021-07-20,614953.77788484,644472.34207046
2021-07-21,614953.77788484,695358.18284630
2021-07-22,614953.77788484,698872.57229692
2021-07-23,614953.77788484,728801.89436269
2021-07-24,614953.77788484,742164.70953596
2021-07-25,614953.77788484,766538.03783812
2021-07-26,614953.77788484,806845.65940383
2021-07-27,614953.77788484,854103.08725800
2021-07-28,614953.77788484,866239.12239157
2021-07-29,614953.77788484,866264.86962697
2021-07-30,614953.77788484,913808.11343042
2021-07-31,614953.77788484,897694.23860901
2021-08-01,614953.77788484,861969.84130805
2021-08-02,614953.77788484,847398.85334082
2021-08-03,614953.77788484,826011.77161857
2021-08-04,614953.77788484,859852.07710546
2021-08-05,614953.77788484,884810.66819552
2021-08-06,614953.77788484,927259.42120268
2021-08-07,614953.77788484,965260.39338509
2021-08-08,614953.77788484,948935.34796073
2021-08-09,614953.77788484,1001608.34978208
2021-08-10,614953.77788484,986826.62393854
2021-08-11,614953.77788484,985315.32612948
2021-08-12,614953.77788484,961614.88776092
2021-08-13,614953.77788484,1035527.41151844
2021-08-14,614953.77788484,1019498.13475621
2021-08-15,614953.77788484,1017519.92489676
2021-08-16,614953.77788484,993767.77569408
2021-08-17,614953.77788484,967021.80719519
2021-08-18,614953.77788484,967601.22817338
2021-08-19,614953.77788484,1011807.93317748
2021-08-20,614953.77788484,1067882.81552164
2021-08-21,614953.77788484,1057677.82304317
2021-08-22,614953.77788484,1066711.42449254
2021-08-23,614953.77788484,1072326.26907993
2021-08-24,614953.77788484,1032730.91557254
2021-08-25,614953.77788484,1060434.50813769
2021-08-26,614953.77788484,1013798.25938300
2021-08-27,614953.77788484,1062354.51626333
2021-08-28,614953.77788484,1058781.70871559
2021-08-29,614953.77788484,1056041.68359691
2021-08-30,614953.77788484,1016982.04567653
2021-08-31,614953.77788484,1020284.83179754
2021-09-01,614953.77788484,1057010.34219264
2021-09-02,614953.77788484,1066125.72897799
2021-09-03,614953.77788484,1082358.38726356
2021-09-04,614953.77788484,1080586.80437729
2021-09-05,614953.77788484,1120962.79675299
2021-09-06,614953.77788484,1140412.12855713
2021-09-07,614953.77788484,1014026.08996180
2021-09-08,614953.77788484,997260.52881242
2021-09-09,614953.77788484,1003770.25210250
2021-09-10,614953.77788484,970549.17844517
2021-09-11,614953.77788484,977457.22661234
2021-09-12,614953.77788484,996028.55605297
2021-09-13,614953.77788484,973079.76386747
2021-09-14,614953.77788484,1019140.05345714
2021-09-15,614953.77788484,1041809.73695635
2021-09-16,605258.04439133,1033365.07647137
2021-09-17,599486.11946068,1023510.59257568
2021-09-18,612432.08097686,1045613.40416942
2021-09-19,598726.64231429,1022213.92718274
2021-09-20,545383.79610689,931140.97921192
2021-09-21,514469.28710040,878360.22845587
2021-09-22,552398.66311193,943117.55457665
2021-09-23,569050.25974201,971547.04608946
2021-09-24,543007.78459051,927084.38327461
2021-09-25,541407.09114215,924351.49814559
2021-09-26,547522.19379889,934791.89391916
2021-09-27,534660.37925837,912832.74757169
2021-09-28,520203.19381916,888149.80335475
2021-09-29,526462.25877163,898835.98786290
2021-09-30,555502.21647670,948416.29234958
2021-10-01,610469.32742384,1042262.36902744
2021-10-02,604309.61673180,1031745.81336429
2021-10-03,611281.26970265,1043648.60883598
2021-10-04,624032.70470128,1065419.30272938
2021-10-05,652661.05189885,1114296.85914392
2021-10-06,701382.65772243,1197479.90218916
2021-10-07,681636.12518894,1163766.38560937
2021-10-08,683785.54816239,1167436.12392569
2021-10-09,696708.06511458,1189498.90830473
2021-10-10,693388.18812410,1183830.83833996
2021-10-11,728494.83862942,1243768.88781092
2021-10-12,709616.13514624,1211537.02726498
2021-10-13,727092.60024718,1241374.82764525
2021-10-14,727054.96221740,1241310.56773841
2021-10-15,781367.39955562,1334038.91149120
2021-10-16,771392.81475416,1317009.17072481
2021-10-17,779867.20091404,1331477.60247708
2021-10-18,786148.82333891,1342202.29965668
2021-10-19,814117.04765051,1389952.81952327
2021-10-20,836277.86336702,1427788.27376382
2021-10-21,788490.61846457,1346200.47749685
2021-10-22,769269.11743743,1313383.35416300
2021-10-23,777329.99217921,1327145.79239331
2021-10-24,771898.45697243,1317872.46038238
2021-10-25,799667.84603580,1365283.50619567
2021-10-26,764523.68422807,1305281.41318118
2021-10-27,740922.99209953,1264987.63886811
2021-10-28,767876.13015341,1311005.08851989
2021-10-29,789531.68383377,1347977.90219283
2021-10-30,784851.76867625,1339987.82104884
2021-10-31,777592.06438657,1327593.23174465
2021-11-01,772059.27400877,1318147.02543889
2021-11-02,801677.36198946,1368714.37940372
2021-11-03,797504.48305132,1361589.96791385
2021-11-04,778831.58482189,1329709.48140398
2021-11-05,773441.36273870,1320506.68383626
2021-11-06,779911.17531247,1331552.68055006
2021-11-07,802184.27148146,1369579.83269452
2021-11-08,856157.45964216,1461728.97183245
2021-11-09,848385.52331082,1448459.84197790
2021-11-10,822732.22792180,1404661.63092707
2021-11-11,821463.68691807,1402495.83406684
2021-11-12,813062.67590715,1388152.67667841
2021-11-13,816346.30886896,1393758.86673289
2021-11-14,830189.37345861,1417393.31428803
2021-11-15,806063.26964162,1376202.49763904
2021-11-16,762167.69563662,1301259.00264886
2021-11-17,765099.40668361,1306264.35175621
2021-11-18,721302.55330218,1231489.40379441
2021-11-19,736647.84417138,1257688.62217683
2021-11-20,757431.00661600,1293171.99073631
2021-11-21,743616.83586739,1269586.87401875
2021-11-22,713400.46795876,1217998.06880745
2021-11-23,729696.08739809,1245819.79574680
2021-11-24,724691.24325620,1237274.95904341
2021-11-25,747566.54790168,1276330.26969734
2021-11-26,681658.30247922,1163804.24919084
2021-11-27,694144.87726828,1185122.74373980
2021-11-28,726636.38170438,1240595.91968353
2021-11-29,733056.01023844,1251556.23652154
2021-11-30,722018.05605014,1232710.99111437
2021-12-01,725534.36046877,1238714.42422933
2021-12-02,716617.44232237,1223490.45175419
2021-12-03,681079.66529410,1162816.33425940
2021-12-04,623941.84117484,1065264.17022700
2021-12-05,626834.39346357,1070202.66306763
2021-12-06,640670.23459296,1093824.77791337
2021-12-07,641586.72695450,1095389.51746314
2021-12-08,640521.96356655,1093571.63282581
2021-12-09,603135.10743884,1029740.55808950
2021-12-10,597423.50473773,1019989.06313541
2021-12-11,626040.06628960,1068846.49776095
2021-12-12,635213.10045684,1084507.74051126
2021-12-13,592133.90418871,1010958.05804592
2021-12-14,613233.25142897,1046981.25309553
2021-12-15,619403.35376559,1057515.55055115
2021-12-16,604026.00087103,1031261.59224808
2021-12-17,585618.84994278,999834.81962591
2021-12-18,594121.62303421,1014351.71676246
2021-12-19,591876.01398465,1010517.75868422
2021-12-20,594541.47082096,1015068.52845057
2021-12-21,620075.26229724,1058662.70888810
2021-12-22,616135.68845279,1051936.62227533
2021-12-23,644408.69209646,1100207.49593302
2021-12-24,644300.72037467,1100023.15438208
2021-12-25,639241.00328027,1091384.63235996
2021-12-26,643663.66187059,1098935.49595887
2021-12-27,642737.28477396,1097353.88006993
2021-12-28,602503.75166655,1028662.63601581
2021-12-29,589071.41049279,1005729.42198955
2021-12-30,597528.56172994,1020168.42832993
2021-12-31,585662.57088646,999909.46497224
2022-01-01,605470.69292323,1033728.13412686
2022-01-02,600056.89954867,1024485.09298112
2022-01-03,588520.52660236,1004788.89062577
2022-01-04,580664.82347746,991376.74461492
2022-01-05,550450.48320680,939791.40121679
2022-01-06,546164.56345194,932473.99364307
2022-01-07,526370.50815358,898679.34081727
2022-01-08,528336.17643618,902035.35231567
2022-01-09,530681.13974617,906038.93923891
2022-01-10,530296.01525963,905381.41110122
2022-01-11,541582.10164426,924650.29589424
2022-01-12,556757.70456101,950559.80378756
2022-01-13,539503.01236282,921100.63922202
2022-01-14,546224.75895412,932576.76622135
2022-01-15,542195.69270446,932569.40986838
2022-01-16,542195.69270446,932692.52059900
2022-01-17,542195.69270446,914244.73461563
2022-01-18,542195.69270446,916891.50714222
2022-01-19,542195.69270446,901871.78164371
2022-01-20,542195.69270446,881378.71317085
2022-01-21,542195.69270446,789627.89891001
2022-01-22,542195.69270446,759242.91568664
2022-01-23,542195.69270446,785260.82160464
2022-01-24,542195.69270446,794594.08625595
2022-01-25,542195.69270446,800023.07474914
2022-01-26,542195.69270446,796851.40480168
2022-01-27,542195.69270446,805052.44018530
2022-01-28,542195.69270446,816736.05961110
2022-01-29,542195.69270446,826348.86567534
2022-01-30,542195.69270446,820921.82445205
2022-01-31,542195.69270446,832823.97083378
2022-02-01,542195.69270446,838040.92327072
2022-02-02,542195.69270446,798889.11457486
2022-02-03,542195.69270446,807470.30031647
2022-02-04,542195.69270446,899629.39216724
2022-02-05,542195.69270446,896343.91511204
2022-02-06,542195.69270446,917818.40761666
2022-02-07,542195.69270446,949165.12580944
2022-02-08,542195.69270446,953979.64246616
2022-02-09,542195.69270446,961233.87194965
2022-02-10,542195.69270446,941712.70752236
2022-02-11,542195.69270446,917514.41714827
2022-02-12,542195.69270446,913942.69141714
2022-02-13,542195.69270446,910407.96381419
2022-02-14,542195.69270446,920416.06566900
2022-02-15,542195.69270446,964601.35070415
2022-02-16,542195.69270446,949867.00842828
2022-02-17,542195.69270446,877485.47154219
2022-02-18,542195.69270446,865388.16544339
2022-02-19,542195.69270446,867812.08374760
2022-02-20,542195.69270446,830270.45089927
2022-02-21,542195.69270446,802201.63704540
2022-02-22,542195.69270446,828021.13779648
2022-02-23,542195.69270446,806476.54357531
2022-02-24,542195.69270446,830334.92716944
2022-02-25,542195.69270446,848828.79854054
2022-02-26,542195.69270446,846990.14302424
2022-02-27,542195.69270446,815964.07527570
2022-02-28,542195.69270446,934234.75836320
2022-03-01,542195.69270446,961604.28595811
2022-03-02,542195.69270446,950629.47277747
2022-03-03,542195.69270446,919030.47495043
2022-03-04,542195.69270446,847615.43302684
2022-03-05,542195.69270446,852834.76546033
2022-03-06,542195.69270446,831676.59613350
2022-03-07,542195.69270446,822536.97665601
2022-03-08,542195.69270446,838486.84807881
2022-03-09,542195.69270446,907860.93477937
2022-03-10,542195.69270446,853433.22641092
2022-03-11,542195.69270446,837970.60519084
2022-03-12,542195.69270446,839966.12411611
2022-03-13,542195.69270446,817648.68010625
2022-03-14,542195.69270446,858220.48128898
2022-03-15,542195.69270446,850366.27631165
2022-03-16,542195.69270446,890178.42586839
2022-03-17,542195.69270446,886293.83877263
2022-03-18,542195.69270446,904276.87633884
2022-03-19,542195.69270446,913817.20068997
2022-03-20,542195.69270446,892328.64456938
2022-03-21,542195.69270446,888023.01444765
2022-03-22,542195.69270446,917237.90482186
2022-03-23,542195.69270446,928748.43358950
2022-03-24,542195.69270446,952560.94815922
2022-03-25,542195.69270446,958935.22800928
2022-03-26,542195.69270446,963588.12126395
2022-03-27,542195.69270446,1013973.51367439
2022-03-28,542195.69270446,1020204.56100482
2022-03-29,542195.69270446,1026839.34229542
2022-03-30,542195.69270446,1018380.61819446
2022-03-31,542195.69270446,984826.77774682
2022-04-01,542195.69270446,1001931.16385955
2022-04-02,542195.69270446,991382.80278796
2022-04-03,542195.69270446,1003959.78637318
2022-04-04,542195.69270446,1008214.13838743
2022-04-05,542195.69270446,984512.18547562
2022-04-06,542195.69270446,934507.59251313
2022-04-07,542195.69270446,940196.64972020
2022-04-08,542195.69270446,915002.87169837
2022-04-09,542195.69270446,925340.27853033
2022-04-10,542195.69270446,911621.97841786
2022-04-11,542195.69270446,855173.00388875
2022-04-12,542195.69270446,867561.96774655
2022-04-13,542195.69270446,890286.17480309
2022-04-14,542195.69270446,864620.94110109
2022-04-15,542195.69270446,877638.44041134
2022-04-16,542195.69270446,874014.13839279
2022-04-17,542195.69270446,858773.50594180
2022-04-18,542195.69270446,883078.24707066
2022-04-19,542195.69270446,898032.63084572
2022-04-20,542195.69270446,895221.63855720
2022-04-21,542195.69270446,875638.81058295
2022-04-22,542195.69270446,859525.58485151
2022-04-23,542195.69270446,852938.61985523
2022-04-24,542195.69270446,853929.78023652
2022-04-25,542195.69270446,874997.29333114
2022-04-26,542195.69270446,825159.30012713
2022-04-27,542195.69270446,849356.94141125
2022-04-28,542195.69270446,860135.08033155
2022-04-29,542195.69270446,835020.05855918
2022-04-30,542195.69270446,814387.21937987
2022-05-01,542195.69270446,832746.51276425
2022-05-02,542195.69270446,833453.37173951
2022-05-03,542195.69270446,816337.73473401
2022-05-04,542195.69270446,858642.82249489
2022-05-05,542195.69270446,790460.24861244
2022-05-06,542195.69270446,779323.81202975
2022-05-07,542195.69270446,767299.20400737
2022-05-08,542195.69270446,736187.02365640
2022-05-09,542195.69270446,650864.14734966
2022-05-10,542195.69270446,670725.65128355
2022-05-11,542195.69270446,627453.63583352
2022-05-12,542195.69270446,625207.56818057
2022-05-13,542195.69270446,632620.60834292
2022-05-14,542195.69270446,649824.73794741
2022-05-15,542195.69270446,677109.66748314
2022-05-16,542195.69270446,645464.80063168
2022-05-17,542195.69270446,658293.19839789
2022-05-18,542195.69270446,620557.27128578
2022-05-19,542195.69270446,655371.64445147
2022-05-20,542195.69270446,631276.77574563
2022-05-21,542195.69270446,636563.61353580
2022-05-22,542195.69270446,654816.23980210
2022-05-23,542195.69270446,629222.62235992
2022-05-24,542195.69270446,641131.04327800
2022-05-25,542195.69270446,638491.41074106
2022-05-26,542195.69270446,631414.38281887
2022-05-27,542195.69270446,618571.48871004
2022-05-28,542195.69270446,627687.74094868
2022-05-29,542195.69270446,637167.05084281
2022-05-30,542195.69270446,686547.21925599
2022-05-31,542195.69270446,687229.62917578
2022-06-01,542195.69270446,644490.08386292
2022-06-02,542195.69270446,658548.93984532
2022-06-03,542195.69270446,641936.78029174
2022-06-04,542195.69270446,645920.46178929
2022-06-05,542195.69270446,646687.90249490
2022-06-06,542195.69270446,678325.19663007
2022-06-07,542195.69270446,673232.22037703
2022-06-08,542195.69270446,653105.23864619
2022-06-09,542195.69270446,651016.25076552
2022-06-10,542195.69270446,628874.27741037
2022-06-11,542195.69270446,614275.81130115
2022-06-12,542195.69270446,575204.05703470
2022-06-13,542195.69270446,485744.96308790
2022-06-14,542195.69270446,478104.52507339
2022-06-15,542195.69270446,488013.31616308
2022-06-16,542195.69270446,441010.76430306
2022-06-17,542195.69270446,442261.77703491
2022-06-18,542195.69270446,410155.62357946
2022-06-19,542195.69270446,444687.64260902
2022-06-20,542195.69270446,444744.32979957
2022-06-21,542195.69270446,448137.98851612
2022-06-22,542195.69270446,431940.81381547
2022-06-23,542195.69270446,456384.24383418
2022-06-24,542195.69270446,459023.87637112
2022-06-25,542195.69270446,464895.54422256
2022-06-26,542195.69270446,454983.72404635
2022-06-27,542195.69270446,447866.01981948
2022-06-28,542195.69270446,438381.08447896
2022-06-29,542195.69270446,434742.71884444
2022-06-30,542195.69270446,431101.54048672
2022-07-01,542195.69270446,416271.56562222
2022-07-02,542195.69270446,416028.80597415
2022-07-03,542195.69270446,417461.34753374
2022-07-04,542195.69270446,437260.10610405
2022-07-05,542195.69270446,436375.18011421
2022-07-06,542195.69270446,444571.45550473
2022-07-07,542195.69270446,468287.25566920
2022-07-08,542195.69270446,467001.62480572
2022-07-09,542195.69270446,467092.71376457
2022-07-10,542195.69270446,451249.07673322
2022-07-11,542195.69270446,431638.55425366
2022-07-12,542195.69270446,418038.60487871
2022-07-13,542195.69270446,437753.84720645
2022-07-14,542195.69270446,445215.78547973
2022-07-15,542195.69270446,450801.42101856
2022-07-16,542195.69270446,458592.66426898
2022-07-17,542195.69270446,450075.73843422
2022-07-18,542195.69270446,485411.97993426
2022-07-19,542195.69270446,506398.78950952
2022-07-20,542195.69270446,502147.46658178
2022-07-21,542195.69270446,501169.72072650
2022-07-22,542195.69270446,490760.91399805
2022-07-23,542195.69270446,486140.04251515
2022-07-24,542195.69270446,488890.45307331
2022-07-25,542195.69270446,460995.81169421
2022-07-26,542195.69270446,459983.66407062
2022-07-27,542195.69270446,496965.78136644
2022-07-28,542195.69270446,516093.81363638
2022-07-29,542195.69270446,514626.87030847
2022-07-30,542195.69270446,511581.98926812
2022-07-31,542195.69270446,504614.00846056
2022-08-01,542195.69270446,503756.99333935
2022-08-02,542195.69270446,497668.52943857
2022-08-03,542195.69270446,494084.68736137
2022-08-04,542195.69270446,489310.84700931
2022-08-05,542195.69270446,504697.74106645
2022-08-06,542195.69270446,496696.84175632
2022-08-07,542195.69270446,501695.05087402
2022-08-08,542195.69270446,515413.78371313
2022-08-09,542195.69270446,501200.87704497
2022-08-10,542195.69270446,518493.06652180
2022-08-11,542195.69270446,518384.88486045
2022-08-12,542195.69270446,528077.96171741
2022-08-13,542195.69270446,529138.14199864
2022-08-14,542195.69270446,526195.60080992
2022-08-15,542195.69270446,521651.97103322
2022-08-16,542195.69270446,516394.34229161
2022-08-17,542195.69270446,504991.99518532
2022-08-18,542195.69270446,501984.54499979
2022-08-19,542195.69270446,450922.80084259
2022-08-20,542195.69270446,457521.88218494
2022-08-21,542195.69270446,465484.05246030
2022-08-22,542195.69270446,463255.51023649
2022-08-23,542195.69270446,465613.87045392
2022-08-24,542195.69270446,462411.69327796
2022-08-25,542195.69270446,466717.32339969
2022-08-26,542195.69270446,438135.72847102
2022-08-27,542195.69270446,433700.28035567
2022-08-28,542195.69270446,423141.75020791
2022-08-29,542195.69270446,439260.81774906
2022-08-30,542195.69270446,428810.46926265
2022-08-31,542195.69270446,434003.18900745
2022-09-01,542195.69270446,435496.09593408
2022-09-02,542195.69270446,431839.55578045
2022-09-03,542195.69270446,429264.83224032
2022-09-04,542195.69270446,432878.09972941
2022-09-05,542195.69270446,428269.56095590
2022-09-06,542195.69270446,406525.04702455
2022-09-07,542195.69270446,417061.94084004
2022-09-08,542195.69270446,418057.21212446
2022-09-09,542195.69270446,462390.05694569
2022-09-10,542195.69270446,468902.59295896
2022-09-11,542195.69270446,472429.31511897
2022-09-12,542195.69270446,484675.47918379
2022-09-13,542195.69270446,436556.27621531
2022-09-14,542195.69270446,437767.91082243
2022-09-15,542195.69270446,426041.01873209
2022-09-16,542195.69270446,428442.65161406
2022-09-17,542195.69270446,435193.18728230
2022-09-18,542195.69270446,420155.93635465
2022-09-19,542195.69270446,422730.65989478
2022-09-20,542195.69270446,408450.68059658
2022-09-21,542195.69270446,399536.51170134
2022-09-22,542195.69270446,419809.75503833
2022-09-23,542195.69270446,417451.39482090
2022-09-24,542195.69270446,409381.04288419
2022-09-25,542195.69270446,406979.41000222
2022-09-26,542195.69270446,415980.12422654
2022-09-27,542195.69270446,412713.03805377
2022-09-28,542195.69270446,420026.11836103
2022-09-29,542195.69270446,423899.02183736
2022-09-30,542195.69270446,420285.75434827
2022-10-01,542195.69270446,417840.84880176
2022-10-02,542195.69270446,412193.76607929
2022-10-03,542195.69270446,424851.02045724
2022-10-04,542195.69270446,440147.90737213
2022-10-05,542195.69270446,436231.73123126
2022-10-06,542195.69270446,431666.46512229
2022-10-07,542195.69270446,422600.84190116
2022-10-08,542195.69270446,420177.57268692
2022-10-09,542195.69270446,420718.48099367
2022-10-10,542195.69270446,413924.67266089
2022-10-11,542195.69270446,412366.85673745
2022-10-12,542195.69270446,414487.21729991
2022-10-13,542195.69270446,419247.21039931
2022-10-14,542195.69270446,415006.48927439
2022-10-15,542195.69270446,412518.31106334
2022-10-16,542195.69270446,416802.30485280
2022-10-17,542195.69270446,422925.38688521
2022-10-18,542195.69270446,418316.84811170
2022-10-19,542195.69270446,413816.49099954
2022-10-20,542195.69270446,412020.67542113
2022-10-21,542195.69270446,414660.30795807
2022-10-22,542195.69270446,415547.39758114
2022-10-23,542195.69270446,423509.56785650
2022-10-24,542195.69270446,418273.57544716
2022-10-25,542195.69270446,434609.00631101
2022-10-26,542195.69270446,449494.80291277
2022-10-27,542195.69270446,439130.99975544
2022-10-28,542195.69270446,445686.80843325
2022-10-29,542195.69270446,450490.07419719
2022-10-30,542195.69270446,446314.26206908
2022-10-31,542195.69270446,443501.53887398
2022-11-01,542195.69270446,443112.08489312
2022-11-02,542195.69270446,436058.64057310
2022-11-03,542195.69270446,437248.63884795
2022-11-04,542195.69270446,457673.33651083
2022-11-05,542195.69270446,460875.51368679
2022-11-06,542195.69270446,452350.79877241
2022-11-07,542195.69270446,445492.08144282
2022-11-08,542195.69270446,401353.96361202
2022-11-09,542195.69270446,343520.04745431
2022-11-10,542195.69270446,379739.26767429
2022-11-11,542195.69270446,367969.10291941
2022-11-12,542195.69270446,363230.74615228
2022-11-13,542195.69270446,352888.57932722
2022-11-14,542195.69270446,358925.11603055
2022-11-15,542195.69270446,365091.47072750
2022-11-16,542195.69270446,360331.47762810
2022-11-17,542195.69270446,361023.84026074
2022-11-18,542195.69270446,360958.93126393
2022-11-19,542195.69270446,361110.38558982
2022-11-20,542195.69270446,351720.21738464
2022-11-21,542195.69270446,341118.41457234
2022-11-22,542195.69270446,350443.67378071
2022-11-23,542195.69270446,359228.02468233
2022-11-24,542195.69270446,358968.38869509
2022-11-25,542195.69270446,357172.57311668
2022-11-26,542195.69270446,356004.21117410
2022-11-27,542195.69270446,355355.12120600
2022-11-28,542195.69270446,350724.94610022
2022-11-29,542195.69270446,355571.48452870
2022-11-30,542195.69270446,371495.82507942
2022-12-01,542195.69270446,367320.01295131
2022-12-02,542195.69270446,369873.10015917
2022-12-03,542195.69270446,365351.10671474
2022-12-04,542195.69270446,370284.19047230
2022-12-05,542195.69270446,367125.28596088
2022-12-06,542195.69270446,369700.00950101
2022-12-07,542195.69270446,364269.29010124
2022-12-08,542195.69270446,372772.36868335
2022-12-09,542195.69270446,370587.09912408
2022-12-10,542195.69270446,370587.09912408
2022-12-11,542195.69270446,369786.55483009
2022-12-12,542195.69270446,372339.64203795
2022-12-13,542195.69270446,384520.89710596
2022-12-14,542195.69270446,385191.62340633
2022-12-15,542195.69270446,375650.00087526
2022-12-16,542195.69270446,359877.11465043
2022-12-17,542195.69270446,363079.29182639
2022-12-18,542195.69270446,362386.92919375
2022-12-19,542195.69270446,355831.12051594
2022-12-20,542195.69270446,365610.74270198
2022-12-21,542195.69270446,364009.65411400
2022-12-22,542195.69270446,363944.74511719
2022-12-23,542195.69270446,363036.01916185
2022-12-24,542195.69270446,364334.19909805
2022-12-25,542195.69270446,364096.19944308
2022-12-26,542195.69270446,366021.83301511
2022-12-27,542195.69270446,361326.74891252
2022-12-28,542195.69270446,357864.93574932
2022-12-29,542195.69270446,359768.93298908
2022-12-30,542195.69270446,359228.02468233
2022-12-31,542195.69270446,357605.29976208
2023-01-01,542195.69270446,359487.66066957
2023-01-02,542195.69270446,360742.56794123
2023-01-03,542195.69270446,360677.65894442
2023-01-04,542195.69270446,364550.56242075
2023-01-05,542195.69270446,364052.92677854
2023-01-06,542195.69270446,366735.83198002
2023-01-07,542195.69270446,366627.65031867
2023-01-08,542195.69270446,370392.37213365
2023-01-09,542195.69270446,371690.55206985
2023-01-10,542195.69270446,377467.45278594
2023-01-11,542195.69270446,387939.43760462
2023-01-12,542195.69270446,407909.77228983
2023-01-13,542195.69270446,431233.73847689
2023-01-14,542195.69270446,453497.52438272
2023-01-15,542195.69270446,451874.79946247
2023-01-16,542195.69270446,458452.24447255
2023-01-17,542195.69270446,457262.24619770
2023-01-18,542195.69270446,447222.98802442
2023-01-19,542195.69270446,456223.70224874
2023-01-20,542195.69270446,490668.74322258
2023-01-21,542195.69270446,492940.55811093
2023-01-22,542195.69270446,491512.56018111
2023-01-23,542195.69270446,495948.00829646
2023-01-24,542195.69270446,489781.65359951
2023-01-25,542195.69270446,498804.00415610
2023-01-26,542195.69270446,497852.00553622
2023-01-27,542195.69270446,499431.45779193
2023-01-28,542195.69270446,498349.64117843
2023-01-29,542195.69270446,513776.34608694
2023-01-30,542195.69270446,493979.10205989
2023-01-31,542195.69270446,500383.45641181
2023-02-01,542195.69270446,513538.34643197
2023-02-02,542195.69270446,508410.53568398
2023-02-03,542195.69270446,507025.81041870
2023-02-04,542195.69270446,504775.63186262
2023-02-05,542195.69270446,496272.55328051
2023-02-06,542195.69270446,492507.83146553
2023-02-07,542195.69270446,503087.99794556
2023-02-08,531822.33202724,496791.82525499
2023-02-09,504977.59170199,471715.31615406
2023-02-10,501202.18818774,468188.59399405
2023-02-11,506506.28269549,473143.31408388
2023-02-12,504676.48590024,471434.04383455
2023-02-13,504699.64788499,471455.68016682
2023-02-14,514450.84346474,480564.57605249
2023-02-15,563577.41311949,526455.23679716
2023-02-16,544793.04348724,508908.17132619
2023-02-17,569321.58533749,531821.04720012
2023-02-18,570711.30442249,533119.22713632
2023-02-19,562743.58166849,525676.32883544
2023-02-20,575413.18732674,537511.40258713
2023-02-21,566310.52731999,529008.32400502
2023-02-22,560242.08731549,523339.60495028
2023-02-23,554474.75311274,517952.15821505
2023-02-24,537103.26455024,501724.90901255
2023-02-25,536454.72897724,501119.09170899
2023-02-26,545742.68486199,509795.26094926
2023-02-27,544144.50791424,508302.35402263
2023-02-28,535875.67935849,500578.18340224
2023-03-01,547410.34776399,511353.07687270
2023-03-02,543519.13432599,507718.17305134
2023-03-03,517878.81720774,483766.75322845
2023-03-04,517600.87339074,483507.11724121
2023-03-05,519476.99415549,485259.66015508
2023-03-06,518990.59247574,484805.29717741
2023-03-07,514196.06163249,480326.57639752
2023-03-08,502707.71719649,469594.95559160
2023-03-09,471740.14358574,440667.17934661
2023-03-10,468335.33182749,437486.63850292
2023-03-11,477553.80175799,446097.89874638
2023-03-12,513802.30789174,479958.75874893
2023-03-13,560728.48899524,523793.96792795
2023-03-14,573259.12274499,535499.22368602
2023-03-15,564411.24457049,527234.14475888
2023-03-16,580207.71816999,541990.12336702
2023-03-17,636167.07332599,594263.50213134
2023-03-18,624910.34873749,583748.24464812
2023-03-19,649786.32035899,606985.66550610
2023-03-20,644250.60600374,601814.58209357
2023-03-21,652982.67425449,609971.47935936
2023-03-22,632785.42355249,591104.59761992
2023-03-23,656480.13395174,613238.56553213
2023-03-24,636792.44691424,594847.68310263
2023-03-25,636931.41882274,594977.50109625
2023-03-26,648628.22112149,605903.84889260
2023-03-27,628662.59026699,587253.33047586
2023-03-28,631673.64828449,590066.05367096
2023-03-29,656711.75379924,613454.92885483
2023-03-30,649438.89058774,606661.12052205
2023-03-31,659560.67792349,616116.19772404
2023-04-01,659398.54403024,615964.74339815
2023-04-02,652843.70234599,609841.66136574
2023-04-03,644273.76798849,601836.21842584
2023-04-04,652658.40646799,609668.57070758
2023-04-05,652774.21639174,609776.75236893
2023-04-06,649716.83440474,606920.75650929
2023-04-07,646937.39623474,604324.39663689
2023-04-08,647817.55165524,605146.57726315
2023-04-09,656410.64799749,613173.65653532
2023-04-10,686799.17198949,641560.52447356
2023-04-11,700557.39093099,654412.50584194
2023-04-12,692612.83016174,646991.24387333
2023-04-13,704355.95642999,657960.86433422
2023-04-14,706394.21108799,659864.86157398
2023-04-15,702549.32161949,656273.23041716
2023-04-16,702502.99764999,656229.95775262
2023-04-17,682074.12710049,637146.71269048
2023-04-18,704008.52665874,657636.31935017
2023-04-19,667690.53457074,623710.55035081
2023-04-20,654048.12555299,610966.75064378
2023-04-21,631256.73255899,589676.59969010
2023-04-22,644296.92997324,601857.85475811
2023-04-23,639178.13134349,597076.22532644
2023-04-24,637232.52462449,595258.77341576
2023-04-25,655484.16860749,612308.20324452
2023-04-26,658448.90265549,615077.65377508
2023-04-27,682931.12053624,637947.25698447
2023-04-28,679410.49885424,634658.53447943
2023-04-29,677418.56816574,632797.80990421
2023-04-30,677140.62434874,632538.17391697
2023-05-01,650365.36997774,607526.57381285
2023-05-02,664285.72281249,620530.00950712
2023-05-03,672461.90342924,628167.63479843
2023-05-04,668246.42220474,624229.82232529
2023-05-05,684367.16359074,639288.70958521
2023-05-06,669636.14128974,625528.00226149
2023-05-07,659468.02998449,616029.65239496
2023-05-08,641355.35790999,599110.04055982
2023-05-09,640428.87851999,598244.58726902
2023-05-10,639687.69500799,597552.22463638
2023-05-11,625165.13056974,583986.24430309
2023-05-12,620995.97331474,580091.70449449
2023-05-13,620486.40965024,579615.70518455
2023-05-14,623821.73545424,582731.33703143
2023-05-15,629218.47790099,587772.60245034
2023-05-16,626230.58186824,584981.51558751
2023-05-17,634731.03027149,592922.04953060
2023-05-18,621158.10720799,580243.15882038
2023-05-19,622895.25606424,581865.88374063
2023-05-20,628037.21667874,586669.14950457
2023-05-21,619583.09224499,578771.88822602
2023-05-22,622038.26262849,581065.33944664
2023-05-23,630608.19698599,589070.78238654
2023-05-24,609739.24872624,569576.44701127
2023-05-25,613283.03239299,572886.80584858
2023-05-26,618841.90873299,578079.52559338
2023-05-27,622408.85438449,581411.52076296
2023-05-28,650203.23608449,607375.11948696
2023-05-29,642721.91501024,600386.58416375
2023-05-30,641725.94966599,599456.22187614
2023-05-31,630446.06309274,588919.32806065
2023-06-01,621343.40308599,580416.24947854
2023-06-02,631187.24660474,589611.69069329
2023-06-03,627133.89927349,585825.33254604
2023-06-04,628268.83652624,586885.51282727
2023-06-05,596166.32566274,556897.55630105
2023-06-06,630839.81683349,589287.14570924
2023-06-07,610271.97437549,570074.08265348
2023-06-08,614024.21590499,573579.16848122
2023-06-09,613422.00430149,573016.62384220
2023-06-10,598899.43986324,559450.64350891
2023-06-11,600845.04658224,561268.09541959
2023-06-12,600034.37711599,560510.82379014
2023-06-13,600682.91268899,561116.64109370
2023-06-14,581991.19099574,543656.12095181
2023-06-15,592321.43619424,553305.92514423
2023-06-16,609924.54460424,569749.53766943
2023-06-17,613954.72995074,573514.25948441
2023-06-18,610086.67849749,569900.99199532
2023-06-19,621713.99484199,580762.43079486
2023-06-20,655831.59837874,612632.74822857
2023-06-21,695068.00054524,649284.69509395
2023-06-22,692288.56237524,646688.33522155
2023-06-23,711443.52376349,664581.58200884
2023-06-24,707552.31032549,660946.67818748
2023-06-25,705907.80940824,659410.49859631
2023-06-26,701205.92650399,655018.32314550
2023-06-27,710980.28406849,664148.85536344
2023-06-28,696689.33947774,650799.23835285
2023-06-29,705143.46391149,658696.49963140
2023-06-30,705722.51353024,659237.40793815
2023-07-01,708571.43765449,661898.67680736
2023-07-02,709127.32528849,662417.94878184
2023-07-03,721681.12102299,674144.84087218
2023-07-04,712717.43292474,665771.58028369
2023-07-05,706463.69704224,659929.77057079
2023-07-06,692821.28802449,647185.97086376
2023-07-07,702919.91337549,656619.41173348
2023-07-08,701646.00421424,655429.41345863
2023-07-09,698727.59413574,652703.23559261
2023-07-10,704610.73826224,658198.86398919
2023-07-11,709243.13521224,662526.13044319
2023-07-12,703707.42085699,657355.04703066
2023-07-13,728930.82224974,680917.01287269
2023-07-14,702526.15963474,656251.59408489
2023-07-15,701831.30009224,655602.50411679
2023-07-16,700719.52482424,654563.96016783
2023-07-17,698426.48833399,652421.96327310
2023-07-18,691802.16069549,646233.97224388
2023-07-19,692983.42191774,647337.42518965
2023-07-20,690366.11764099,644892.51964314
2023-07-21,692728.64008549,647099.42553468
2023-07-22,689972.36390024,644524.70199455
2023-07-23,696828.31138624,650929.05634647
2023-07-24,675797.22923324,631283.26664531
2023-07-25,676885.84251649,632300.17426200
2023-07-26,679896.90053399,635112.89745710
2023-07-27,676770.03259274,632191.99260065
2023-07-28,679039.90709824,634312.35316311
2023-07-29,680035.87244249,635242.71545072
2023-07-30,678159.75167774,633490.17253685
2023-07-31,677047.97640974,632451.62858789
2023-08-01,687818.29931849,642512.52309344
2023-08-02,675496.12343149,631001.99432580
2023-08-03,675774.06724849,631261.63031304
2023-08-04,673481.03075824,629119.63341831
2023-08-05,672832.49518524,628513.81611475
2023-08-06,672670.36129199,628362.36178886
2023-08-07,675889.87717224,631369.81197439
2023-08-08,689393.31428149,643983.79368780
2023-08-09,684784.07931624,639678.16356607
2023-08-10,681495.07748174,636605.80438373
2023-08-11,680916.02786299,636064.89607698
2023-08-12,681309.78160374,636432.71372557
2023-08-13,678275.56160149,633598.35419820
2023-08-14,681147.64771049,636281.25939968
2023-08-15,675681.41930949,631175.08498396
2023-08-16,664772.12449224,620984.37248479
2023-08-17,617081.59789199,576435.16434086
2023-08-18,603392.86490474,563648.09196929
2023-08-19,604458.31620324,564643.36325371
2023-08-20,606658.70475449,566698.81481936
2023-08-21,605106.85177624,565249.18055727
2023-08-22,603184.40704199,563453.36497886
2023-08-23,612194.41910974,571869.89823189
2023-08-24,606102.81712049,566179.54284488
2023-08-25,603323.37895049,563583.18297248
2023-08-26,602396.89956049,562717.72968168
2023-08-27,604296.18230999,564491.90892782
2023-08-28,604597.28811174,564773.18124733
2023-08-29,642189.18936099,599888.94852154
2023-08-30,632322.18385749,590671.87097452
2023-08-31,600636.58871949,561073.36842916
2023-09-01,597532.88276299,558174.09990498
2023-09-02,599200.54566499,559731.91582842
2023-09-03,601516.74413999,561895.54905542
2023-09-04,598019.28444274,558628.46288265
2023-09-05,597185.45299174,557849.55492093
2023-09-06,596374.78352549,557092.28329148
2023-09-07,607886.28994624,567845.54042967
2023-09-08,600080.70108549,560554.09645468
2023-09-09,599872.24322274,560359.36946425
2023-09-10,598413.03818349,558996.28053124
2023-09-11,582639.72656874,544261.93825537
2023-09-12,598598.33406149,559169.37118940
2023-09-13,594365.73733468,567434.45011654
2023-09-14,594365.73733468,573990.25879435
2023-09-15,594365.73733468,575677.89271141
2023-09-16,594365.73733468,574898.98474969
2023-09-17,594365.73733468,574120.07678797
2023-09-18,594365.73733468,579204.61487142
2023-09-19,594365.73733468,588811.14639930
2023-09-20,594365.73733468,586950.42182408
2023-09-21,594365.73733468,574725.89409153
2023-09-22,594365.73733468,575115.34807239
2023-09-23,594365.73733468,575158.62073693
2023-09-24,594365.73733468,567910.44942648
2023-09-25,594365.73733468,568970.62970771
2023-09-26,594365.73733468,567044.99613568
2023-09-27,594365.73733468,570355.35497299
2023-09-28,594365.73733468,584743.51593254
2023-09-29,594365.73733468,582255.33772149
2023-09-30,594365.73733468,583445.33599634
2023-10-01,594365.73733468,605709.12190217
2023-10-02,594365.73733468,595150.59175441
2023-10-03,594365.73733468,593592.77583097
2023-10-04,594365.73733468,601273.67378682
2023-10-05,594365.73733468,593203.32185011
2023-10-06,594365.73733468,604692.21428548
2023-10-07,594365.73733468,605189.84992769
2023-10-08,594365.73733468,604367.66930143
2023-10-09,594365.73733468,597032.95266190
2023-10-10,594365.73733468,592727.32254017
2023-10-11,594365.73733468,581454.79342750
2023-10-12,594365.73733468,578901.70621964
2023-10-13,594365.73733468,581303.33910161
2023-10-14,594365.73733468,581043.70311437
2023-10-15,594365.73733468,587945.69310850
2023-10-16,594365.73733468,617024.92367938
2023-10-17,594365.73733468,614644.92712968
2023-10-18,594365.73733468,612914.02054808
2023-10-19,594365.73733468,621676.73511743
2023-10-20,594365.73733468,642339.43243528
2023-10-21,594365.73733468,647510.51584781
2023-10-22,594365.73733468,649133.24076806
2023-10-23,594365.73733468,715600.05350150
2023-10-24,594365.73733468,733839.48160511
2023-10-25,594365.73733468,746410.19065398
2023-10-26,594365.73733468,739205.29200807
2023-10-27,594365.73733468,733601.48195014
2023-10-28,594365.73733468,737604.20342009
2023-10-29,594365.73733468,747275.64394478
2023-10-30,594365.73733468,746345.28165717
2023-10-31,593174.11924052,749936.91281399
2023-11-01,606505.60531301,766791.61565232
2023-11-02,597897.46989008,755908.54052051
2023-11-03,594303.61613498,751364.91074381
2023-11-04,600447.39469727,759132.35402874
2023-11-05,599745.73753556,758245.26440567
2023-11-06,599694.39676763,758180.35540886
2023-11-07,606060.65199095,766229.07101330
2023-11-08,609928.32317501,771118.88210632
2023-11-09,627948.93271844,793901.93998663
2023-11-10,638662.03962650,807446.28398765
2023-11-11,635804.07021173,803833.01649856
2023-11-12,634674.57331727,802405.01856874
2023-11-13,624389.30614196,789401.58287447
2023-11-14,608627.69038745,769474.52085380
2023-11-15,648211.42246148,819519.35739431
2023-11-16,618912.95756276,782477.95654807
2023-11-17,626785.20864536,792430.66939227
2023-11-18,626186.23301951,791673.39776282
2023-11-19,640493.19368267,809761.37154054
2023-11-20,641417.32750541,810929.73348312
2023-11-21,611947.72671359,773671.96931418
2023-11-22,640458.96650405,809718.09887600
2023-11-23,638353.99501892,807056.83000679
2023-11-24,645969.54226187,816684.99786694
2023-11-25,647047.69838840,818048.08679995
2023-11-26,641075.05571921,810497.00683772
2023-11-27,637310.06607101,805737.01373832
2023-11-28,647561.10606770,818697.17676805
2023-11-29,647971.83221114,819216.44874253
2023-11-30,645507.47535050,816100.81689565
2023-12-01,662415.70158878,837477.51317841
2023-12-02,675541.82458955,854072.58002950
2023-12-03,684355.32308420,865215.29114855
2023-12-04,718514.04734696,908401.41035947
2023-12-05,754281.44900486,953621.34480377
2023-12-06,748959.12272945,946892.44546780
2023-12-07,740864.39498582,936658.46030409
2023-12-08,756300.85254344,956174.43201163
2023-12-09,748069.21608533,945767.35618976
2023-12-10,749335.62169427,947368.44477774
2023-12-11,705798.65048963,892325.61548286
2023-12-12,709495.18578059,896999.06325318
2023-12-13,733967.61849389,927939.01839928
2023-12-14,736414.86176522,931033.01391389
2023-12-15,717487.23198836,907103.23042327
2023-12-16,722980.69415687,914048.49308194
2023-12-17,707561.35018856,894554.15770667
2023-12-18,729894.58423811,922789.57131902
2023-12-19,723186.05722859,914308.12906918
2023-12-20,747264.87738776,944750.44857307
2023-12-21,750824.50396424,949250.80568523
2023-12-22,753032.15698523,952041.89254806
2023-12-23,748428.60146084,946221.71916743
2023-12-24,736449.08894384,931076.28657843
2023-12-25,745998.47177882,943149.35998509
2023-12-26,727498.68173471,919760.48480122
2023-12-27,743979.06824024,940596.27277723
2023-12-28,728747.97375434,921339.93705693
2023-12-29,720002.92961693,910283.77126696
2023-12-30,721303.56240449,911928.13251948
2023-12-31,723186.05722859,914308.12906918
