date,open,high,low,close,volume
2015-09-01,229.84,231.67,226.17,227.65,23816.39
2015-09-02,227.65,230.77,226.0,228.77,21569.59
2015-09-03,228.77,229.96,226.5,226.79,19714.63
2015-09-04,226.79,231.4,226.33,231.09,20890.72
2015-09-05,231.09,237.22,229.23,235.45,20028.27
2015-09-06,235.45,244.2,235.02,240.45,25523.35
2015-09-07,240.45,242.91,238.44,240.12,23160.77
2015-09-08,240.12,246.24,239.89,244.04,23713.93
2015-09-09,244.04,244.22,237.01,237.96,23263.18
2015-09-10,237.96,241.65,234.78,238.5,20541.17
2015-09-11,238.5,240.94,237.5,239.94,13813.07
2015-09-12,239.94,240.0,233.02,235.61,12452.61
2015-09-13,235.61,236.09,228.0,230.17,18652.71
2015-09-14,230.17,232.92,223.99,229.51,17592.99
2015-09-15,229.51,231.21,226.5,229.3,16362.58
2015-09-16,229.3,230.0,223.0,227.85,15080.6
2015-09-17,227.85,235.0,227.0,232.44,14590.39
2015-09-18,232.44,234.4,230.83,232.82,19329.16
2015-09-19,232.82,233.76,229.98,230.23,11239.65
2015-09-20,230.23,231.7,229.01,230.29,13163.49
2015-09-21,230.29,230.34,225.0,225.93,13979.61
2015-09-22,226.15,231.96,223.12,229.59,18901.15
2015-09-23,230.08,231.5,228.0,229.41,13541.0
2015-09-24,229.42,235.52,228.89,233.19,23959.71
2015-09-25,233.88,237.25,232.56,235.13,22472.07
2015-09-26,235.14,235.67,233.0,233.89,15034.03
2015-09-27,233.81,234.61,231.16,231.91,17283.89
2015-09-28,232.4,239.68,231.69,239.0,17516.84
2015-09-29,239.14,240.56,235.09,236.71,19556.79
2015-09-30,236.78,238.27,234.67,236.65,20602.4
2015-10-01,236.19,239.44,235.01,237.52,20053.8
2015-10-02,237.15,239.06,235.0,237.69,16889.46
2015-10-03,237.77,239.86,236.3,238.77,17807.25
2015-10-04,239.06,239.98,237.62,238.4,14937.72
2015-10-05,238.6,240.57,236.1,240.53,20080.15
2015-10-06,240.85,248.19,239.52,246.93,26660.11
2015-10-07,246.79,247.65,242.3,243.47,23728.8
2015-10-08,243.47,244.76,242.06,243.41,13785.97
2015-10-09,243.29,244.95,242.16,244.49,14078.43
2015-10-10,244.49,246.43,243.0,245.72,17279.47
2015-10-11,245.71,248.5,244.53,247.83,18945.03
2015-10-12,248.05,248.47,245.01,245.48,10507.17
2015-10-13,245.81,250.89,242.82,248.69,25785.95
2015-10-14,249.97,255.93,248.06,252.46,26881.16
2015-10-15,252.47,256.5,250.3,254.44,21895.64
2015-10-16,254.49,267.0,253.69,262.5,33657.67
2015-10-17,263.09,273.0,260.8,268.99,25102.03
2015-10-18,270.04,271.17,260.0,261.0,9651.58
2015-10-19,260.99,266.01,259.82,264.43,16353.66
2015-10-20,264.28,272.95,262.67,270.23,28660.58
2015-10-21,270.3,272.69,264.0,267.8,20286.19
2015-10-22,267.9,280.04,267.39,275.3,28004.6
2015-10-23,275.12,280.19,273.46,277.71,21426.74
2015-10-24,278.6,283.0,278.22,282.59,20060.55
2015-10-25,283.03,296.0,282.2,288.27,28720.71
2015-10-26,283.96,286.99,279.25,285.82,20790.45
2015-10-27,286.9,300.0,286.15,295.17,33675.21
2015-10-28,295.59,308.48,294.4,304.05,30679.48
2015-10-29,304.77,319.6,301.7,313.73,31657.38
2015-10-30,314.95,334.05,313.5,328.78,38136.6
2015-10-31,328.15,334.67,302.99,310.06,28649.04
2015-11-01,309.3,329.85,303.01,328.98,14020.62
2015-11-02,325.78,369.02,320.0,361.98,44128.12
2015-11-03,361.73,420.77,360.4,398.21,75165.25
2015-11-04,404.55,502.0,368.11,404.3,102836.94
2015-11-05,407.99,448.79,364.37,383.22,59345.77
2015-11-06,387.77,396.67,353.26,371.79,46753.83
2015-11-07,374.41,392.82,371.07,385.76,26232.37
2015-11-08,384.62,390.47,366.18,371.87,27164.76
2015-11-09,372.86,386.79,360.54,379.88,25175.75
2015-11-10,378.32,381.44,323.63,337.69,47566.89
2015-11-11,336.66,341.41,294.0,303.0,50855.93
2015-11-12,309.9,344.78,308.42,334.94,36439.1
2015-11-13,337.17,342.0,325.0,333.51,24269.32
2015-11-14,336.28,356.1,325.45,331.61,25224.62
2015-11-15,333.02,334.99,314.6,317.0,27063.93
2015-11-16,319.3,332.2,315.0,330.9,20088.97
2015-11-17,330.95,350.44,329.0,335.44,27389.82
2015-11-18,336.0,337.89,330.28,337.06,26870.04
2015-11-19,334.53,336.48,324.94,324.95,26672.92
2015-11-20,326.51,327.73,310.0,321.5,21066.59
2015-11-21,322.05,328.94,318.52,324.99,4924.8
2015-11-22,326.5,326.6,320.13,323.11,3922.9
2015-11-23,324.24,326.09,320.39,323.01,4998.52
2015-11-24,323.48,323.5,317.0,318.42,8504.75
2015-11-25,319.7,330.84,316.0,328.3,12219.77
2015-11-26,328.9,369.7,328.53,356.39,35559.27
2015-11-27,353.9,364.8,347.84,359.87,13114.65
2015-11-28,357.14,359.44,350.41,356.39,6228.08
2015-11-29,356.78,373.15,354.45,371.04,7667.1
2015-11-30,371.48,383.0,367.11,377.98,17776.96
2015-12-01,376.7,379.0,354.56,362.95,15389.67
2015-12-02,363.06,363.06,348.64,359.97,12043.46
2015-12-03,359.11,370.53,356.21,361.32,12110.5
2015-12-04,361.48,364.3,355.92,362.3,9924.22
2015-12-05,363.62,389.89,363.0,384.67,16356.43
2015-12-06,388.0,399.85,383.0,394.6,14206.16
2015-12-07,387.18,399.91,381.01,395.1,14778.37
2015-12-08,394.96,409.0,388.33,409.0,9656.3
2015-12-09,418.8,424.95,400.0,416.08,20835.19
2015-12-10,416.98,419.79,408.91,416.28,8304.87
2015-12-11,415.36,454.36,415.13,451.68,28322.47
2015-12-12,452.99,467.8,403.0,435.87,29628.96
2015-12-13,436.08,442.97,422.03,435.8,11227.18
2015-12-14,432.89,448.12,428.42,442.37,13155.98
2015-12-15,443.36,464.99,442.94,463.61,17598.64
2015-12-16,464.5,465.0,436.89,455.1,23311.2
2015-12-17,455.63,458.84,448.75,456.01,6551.59
2015-12-18,455.87,466.64,453.5,463.0,12837.8
2015-12-19,462.99,465.9,452.03,460.96,6710.68
2015-12-20,461.8,462.0,433.83,441.48,16556.94
2015-12-21,442.54,450.0,425.52,437.56,18774.32
2015-12-22,438.07,443.58,433.06,436.15,7980.12
2015-12-23,435.18,445.52,434.43,443.34,6926.87
2015-12-24,442.5,459.54,442.5,455.71,10117.43
2015-12-25,455.42,458.33,448.0,455.5,2866.07
2015-12-26,455.51,457.45,407.25,417.42,26407.73
2015-12-27,417.11,425.42,410.5,423.29,6833.96
2015-12-28,421.57,429.86,417.01,420.7,7435.09
2015-12-29,420.81,433.17,418.55,430.04,10134.54
2015-12-30,431.7,434.97,420.75,427.05,7637.42
2015-12-31,426.09,433.89,419.99,430.57,6585.13
2016-01-01,430.89,436.0,427.2,434.98,3735.62
2016-01-02,434.87,435.99,430.42,433.74,2908.35
2016-01-03,433.2,434.09,424.06,430.85,4504.52
2016-01-04,430.79,435.86,428.44,433.97,5700.13
2016-01-05,434.17,435.39,429.5,431.89,3862.38
2016-01-06,432.45,432.67,426.54,431.84,5326.67
2016-01-07,429.99,457.79,429.25,457.79,15940.74
2016-01-08,457.0,465.0,444.51,451.32,10258.75
2016-01-09,452.02,454.0,446.68,449.95,4330.04
2016-01-10,448.84,449.89,440.8,447.21,3987.37
2016-01-11,448.79,451.13,438.0,448.99,7902.84
2016-01-12,448.0,448.0,442.88,446.27,4096.26
2016-01-13,434.89,438.35,424.5,432.53,9997.31
2016-01-14,432.64,434.0,427.0,429.22,4388.51
2016-01-15,429.55,429.8,365.0,372.85,35218.44
2016-01-16,360.0,387.5,352.0,386.43,23675.75
2016-01-17,387.28,391.14,376.0,382.85,7962.09
2016-01-18,380.16,388.5,373.63,385.0,6968.7
2016-01-19,385.47,386.92,375.59,379.88,6854.8
2016-01-20,376.77,422.98,372.53,410.93,24594.14
2016-01-21,418.9,421.25,404.59,410.03,9301.69
2016-01-22,409.42,410.07,374.45,381.78,14308.54
2016-01-23,382.85,395.0,381.05,386.92,7020.14
2016-01-24,386.37,405.97,385.36,402.5,5356.26
2016-01-25,402.16,402.31,385.5,392.58,7943.7
2016-01-26,390.1,397.7,386.2,390.66,6361.63
2016-01-27,391.77,397.0,390.31,395.0,4234.46
2016-01-28,394.62,395.56,376.0,379.16,11329.82
2016-01-29,379.55,383.99,363.73,379.44,13500.22
2016-01-30,378.12,380.42,372.95,376.6,2351.12
2016-01-31,376.38,379.3,367.77,370.0,3752.13
2016-02-01,368.49,378.2,366.53,371.5,7005.04
2016-02-02,371.79,375.0,369.73,373.18,5655.12
2016-02-03,373.05,374.0,365.0,367.64,7030.2
2016-02-04,368.4,391.88,367.95,390.0,13133.51
2016-02-05,388.0,389.5,382.99,385.88,7247.88
2016-02-06,384.97,384.98,371.35,374.27,5702.07
2016-02-07,375.39,380.0,373.04,375.4,2855.74
2016-02-08,375.0,378.99,369.99,371.16,6907.71
2016-02-09,370.95,377.0,369.12,373.16,5724.8
2016-02-10,373.69,383.85,372.12,379.86,9979.76
2016-02-11,379.34,380.5,373.54,377.99,6953.11
2016-02-12,377.98,383.0,377.07,382.88,5714.98
2016-02-13,383.0,390.08,382.0,389.51,6936.51
2016-02-14,390.99,404.0,390.59,403.95,9555.92
2016-02-15,405.5,409.71,393.4,399.0,7876.6
2016-02-16,399.5,407.8,396.0,406.47,8208.39
2016-02-17,407.51,421.11,404.0,415.52,11273.65
2016-02-18,415.59,424.9,413.4,420.31,8537.45
2016-02-19,421.15,422.0,414.0,419.27,4968.2
2016-02-20,419.98,443.96,419.5,440.24,10802.06
2016-02-21,434.63,447.99,426.0,437.7,10244.17
2016-02-22,438.33,439.5,431.15,437.97,5823.89
2016-02-23,438.26,440.0,414.0,420.05,10427.66
2016-02-24,419.1,424.28,409.07,422.61,7236.69
2016-02-25,423.79,426.75,415.79,423.51,5541.05
2016-02-26,423.38,428.38,418.01,427.8,4310.49
2016-02-27,432.0,435.0,428.22,431.06,4119.77
2016-02-28,431.07,435.0,422.29,432.16,3435.21
2016-02-29,430.26,440.99,428.12,436.62,8260.08
2016-03-01,436.75,437.5,427.01,433.31,6763.52
2016-03-02,433.33,434.5,424.0,425.18,5220.05
2016-03-03,422.4,424.47,415.85,420.27,7304.22
2016-03-04,420.29,423.9,407.55,409.97,7474.02
2016-03-05,408.18,408.98,382.0,398.5,16205.36
2016-03-06,399.77,412.31,393.11,404.78,5659.13
2016-03-07,406.15,414.96,403.03,414.76,5793.31
2016-03-08,413.96,414.99,408.46,412.13,5549.37
2016-03-09,412.14,413.51,408.75,412.66,4832.17
2016-03-10,412.99,416.9,409.31,416.5,5105.04
2016-03-11,416.0,421.91,415.11,418.1,5905.9
2016-03-12,419.14,420.93,406.59,410.47,4577.67
2016-03-13,409.95,417.0,409.67,412.64,3254.44
2016-03-14,412.99,415.22,410.5,413.85,4217.13
2016-03-15,414.83,417.43,412.15,415.89,4500.81
2016-03-16,415.84,416.61,413.15,416.49,4065.34
2016-03-17,416.52,419.0,415.66,418.49,3703.74
2016-03-18,418.47,418.49,403.34,408.21,6324.84
2016-03-19,407.5,409.95,404.1,408.94,2840.41
2016-03-20,408.36,412.0,406.6,411.34,2555.36
2016-03-21,410.62,411.96,406.5,410.99,3491.93
2016-03-22,411.15,416.99,410.35,415.89,3863.92
2016-03-23,416.39,419.0,413.44,417.22,4908.2
2016-03-24,417.62,418.15,412.85,415.96,2766.79
2016-03-25,415.17,416.92,412.0,416.25,2550.63
2016-03-26,415.6,416.99,414.0,416.77,1251.01
2016-03-27,416.96,427.99,415.77,424.3,5033.3
2016-03-28,424.62,424.77,420.32,422.05,3227.79
2016-03-29,422.87,424.37,407.22,415.4,5894.96
2016-03-30,415.43,415.93,408.59,413.09,4785.87
2016-03-31,413.68,416.99,411.4,415.51,3669.08
2016-04-01,414.66,416.99,413.42,415.38,3662.38
2016-04-02,416.31,420.0,416.01,419.19,2052.82
2016-04-03,419.35,419.44,416.1,419.0,1302.3
2016-04-04,418.51,419.85,416.0,418.65,3434.14
2016-04-05,418.81,423.0,416.61,422.6,3934.8
2016-04-06,422.71,422.9,420.0,421.63,2389.51
2016-04-07,420.62,421.99,418.09,419.84,3093.89
2016-04-08,419.99,423.99,416.26,418.13,4501.64
2016-04-09,417.75,418.71,412.0,418.37,3578.63
2016-04-10,418.59,421.79,417.2,420.77,1735.02
2016-04-11,420.4,422.8,418.0,422.08,3461.33
2016-04-12,422.79,426.67,421.0,425.91,6052.84
2016-04-13,425.32,426.0,422.27,423.26,3888.13
2016-04-14,423.6,425.35,420.57,424.51,3844.83
2016-04-15,424.4,430.0,423.07,429.25,4378.6
2016-04-16,429.29,432.87,427.12,430.68,1824.13
2016-04-17,430.18,430.91,424.24,426.75,1482.15
2016-04-18,427.15,430.01,425.8,428.07,3175.38
2016-04-19,428.14,436.82,426.24,435.25,3734.22
2016-04-20,435.7,444.0,433.11,441.25,7279.21
2016-04-21,441.99,452.11,440.0,451.0,5394.19
2016-04-22,451.0,451.36,442.96,447.8,5482.08
2016-04-23,447.16,452.18,444.46,451.31,2229.62
2016-04-24,451.92,470.02,447.06,459.4,7012.4
2016-04-25,460.03,469.47,455.13,465.99,5508.19
2016-04-26,462.29,469.87,462.13,468.0,4611.27
2016-04-27,467.39,469.03,445.42,447.46,6747.73
2016-04-28,445.39,451.0,435.0,450.0,8725.35
2016-04-29,449.94,456.0,445.62,454.77,2924.98
2016-04-30,456.53,456.9,446.5,446.7,2413.28
2016-05-01,448.43,453.78,446.84,451.4,1180.66
2016-05-02,452.99,453.8,438.59,443.54,6326.81
2016-05-03,444.06,452.0,440.78,451.7,5568.02
2016-05-04,451.18,451.68,444.15,446.3,3295.73
2016-05-05,447.36,450.0,445.11,448.82,2366.93
2016-05-06,448.5,463.97,447.03,459.73,5517.34
2016-05-07,458.98,461.0,455.95,458.15,1989.03
2016-05-08,458.97,459.69,455.95,457.81,1294.05
2016-05-09,457.75,464.79,455.62,461.63,3517.48
2016-05-10,461.49,463.0,447.38,449.91,5664.75
2016-05-11,450.88,457.99,450.32,452.01,3344.72
2016-05-12,452.95,455.09,448.88,454.92,3404.27
2016-05-13,455.2,456.82,452.04,456.04,2819.7
2016-05-14,456.42,457.25,453.51,455.38,1344.33
2016-05-15,456.3,458.08,454.72,457.48,1599.7
2016-05-16,457.56,458.0,451.11,455.56,3075.4
2016-05-17,454.0,456.09,452.14,453.01,3173.8
2016-05-18,452.96,455.68,452.01,452.94,2588.67
2016-05-19,452.47,453.85,441.05,441.63,5466.73
2016-05-20,436.3,444.41,435.06,441.97,3414.13
2016-05-21,442.84,443.98,435.28,442.84,1909.66
2016-05-22,442.72,443.47,435.0,437.85,2294.47
2016-05-23,438.72,442.91,436.4,442.29,2555.94
2016-05-24,442.63,446.37,441.0,445.31,3053.33
2016-05-25,445.31,449.6,444.26,448.02,3655.41
2016-05-26,448.27,452.98,446.8,452.38,3763.09
2016-05-27,452.07,478.16,452.07,472.68,12121.62
2016-05-28,470.58,529.08,468.0,521.5,12464.98
2016-05-29,522.13,540.0,485.0,513.85,8124.92
2016-05-30,517.6,535.0,510.01,527.0,6063.14
2016-05-31,527.64,548.5,515.0,532.06,12006.15
2016-06-01,532.37,542.87,525.49,538.65,5388.62
2016-06-02,536.95,540.0,529.13,538.98,3910.44
2016-06-03,538.0,578.37,535.74,567.94,8718.77
2016-06-04,569.93,588.71,558.54,573.87,6187.45
2016-06-05,573.5,582.0,566.0,573.76,5341.22
2016-06-06,573.8,586.02,573.8,583.49,4420.07
2016-06-07,584.12,594.44,563.0,576.75,6660.02
2016-06-08,577.48,584.25,571.86,583.24,3252.98
2016-06-09,583.01,583.1,572.97,576.4,3758.43
2016-06-10,576.06,580.0,572.0,577.91,3457.49
2016-06-11,576.53,594.0,575.93,592.13,2766.37
2016-06-12,610.0,683.02,603.21,667.94,13876.2
2016-06-13,668.73,725.0,655.02,702.05,17251.66
2016-06-14,703.81,704.5,655.0,685.69,10609.09
2016-06-15,685.25,695.77,672.12,693.01,5752.51
2016-06-16,695.0,773.07,689.8,765.6,17747.96
2016-06-17,767.37,778.7,706.37,746.99,14631.57
2016-06-18,745.0,778.85,723.02,755.02,5827.87
2016-06-19,753.47,764.93,740.11,760.55,2611.71
2016-06-20,759.12,763.99,725.0,734.99,7836.92
2016-06-21,725.0,728.18,625.0,668.42,32747.0
2016-06-22,665.36,677.63,593.03,594.1,15620.53
2016-06-23,602.82,632.67,540.17,624.69,23795.95
2016-06-24,622.59,683.88,620.82,656.71,16058.17
2016-06-25,660.76,684.45,639.4,663.24,6559.01
2016-06-26,658.8,662.9,608.64,628.61,5277.84
2016-06-27,630.16,653.46,618.03,648.2,8482.24
2016-06-28,657.49,665.51,635.5,645.39,5462.68
2016-06-29,644.33,645.0,621.09,634.43,9088.42
2016-06-30,635.91,671.22,628.06,666.84,7428.6
2016-07-01,666.33,684.1,659.71,677.0,6421.13
2016-07-02,674.55,704.93,672.74,702.48,5431.82
2016-07-03,702.48,704.99,646.29,664.14,7213.63
2016-07-04,659.77,682.35,640.1,678.72,4180.06
2016-07-05,678.74,682.36,661.57,666.58,3100.26
2016-07-06,669.09,679.0,662.13,674.46,3541.03
2016-07-07,674.7,678.43,605.5,636.39,12646.13
2016-07-08,638.89,665.0,635.0,664.0,6483.61
2016-07-09,663.0,663.99,626.0,652.54,6111.73
2016-07-10,647.78,650.88,636.8,646.55,2272.95
2016-07-11,648.77,659.6,639.31,647.42,2973.44
2016-07-12,649.32,678.0,646.05,671.7,4145.96
2016-07-13,663.52,669.97,654.52,661.5,6367.45
2016-07-14,652.24,664.93,650.01,660.53,2379.09
2016-07-15,660.3,670.01,658.41,664.99,3209.21
2016-07-16,664.6,666.67,655.0,662.0,1640.0
2016-07-17,662.45,684.19,661.35,678.23,3409.25
2016-07-18,679.54,682.21,666.12,673.46,2993.77
2016-07-19,673.45,675.81,666.0,673.86,1855.39
2016-07-20,674.8,675.0,660.0,667.02,3402.67
2016-07-21,667.01,667.1,660.1,664.25,2486.28
2016-07-22,663.25,666.3,645.0,652.95,5031.9
2016-07-23,647.88,656.77,646.0,653.8,1274.47
2016-07-24,655.52,665.0,651.99,659.51,1402.78
2016-07-25,659.64,661.99,652.28,654.37,2429.95
2016-07-26,655.0,656.94,645.01,652.22,3378.47
2016-07-27,651.22,659.98,646.31,655.63,2623.74
2016-07-28,655.13,657.89,652.41,653.44,1880.26
2016-07-29,654.84,657.48,653.0,657.03,1290.14
2016-07-30,654.88,657.5,652.19,654.37,704.79
2016-07-31,654.02,654.71,620.01,620.01,4521.71
2016-08-01,622.5,630.0,604.0,607.61,5337.66
2016-08-02,606.84,613.03,465.28,514.98,20392.04
2016-08-03,540.03,572.34,521.0,565.63,15293.43
2016-08-04,563.99,583.97,552.0,575.52,8428.57
2016-08-05,578.14,578.2,562.0,576.64,4733.0
2016-08-06,572.98,592.0,562.56,588.78,6011.14
2016-08-07,589.47,598.82,582.12,592.6,2896.89
2016-08-08,592.47,594.0,583.58,589.46,3171.44
2016-08-09,591.85,591.85,579.43,583.53,3160.44
2016-08-10,582.71,603.0,580.01,591.7,5145.88
2016-08-11,590.46,597.78,585.23,587.57,2506.9
2016-08-12,585.25,591.19,580.47,586.0,2133.13
2016-08-13,585.34,589.98,581.71,582.11,951.03
2016-08-14,583.52,583.92,556.24,567.45,4797.45
2016-08-15,568.76,573.69,554.9,565.79,4530.14
2016-08-16,564.2,579.8,563.0,577.53,4786.52
2016-08-17,574.95,577.86,566.02,570.47,4097.78
2016-08-18,570.91,575.87,568.79,569.71,3956.21
2016-08-19,571.51,574.86,552.3,572.11,4630.18
2016-08-20,572.98,580.0,568.52,580.0,2348.32
2016-08-21,577.7,583.99,576.01,578.47,1125.19
2016-08-22,577.55,585.95,572.5,583.85,5054.71
2016-08-23,582.78,584.99,576.0,580.71,4177.43
2016-08-24,580.27,582.1,575.4,577.11,2968.77
2016-08-25,577.65,578.75,571.16,576.99,4193.61
2016-08-26,575.75,582.46,574.1,577.84,3265.45
2016-08-27,577.92,579.09,564.81,567.41,2689.93
2016-08-28,567.51,573.0,566.8,573.0,995.44
2016-08-29,573.2,575.0,568.6,571.5,2325.16
2016-08-30,570.74,576.5,568.55,575.23,4412.26
2016-08-31,575.88,576.49,568.4,570.76,3629.56
2016-09-01,570.75,572.86,566.86,571.6,2772.91
2016-09-02,571.05,574.2,567.03,572.0,2943.1
2016-09-03,572.0,598.64,569.01,592.5,4578.51
2016-09-04,596.25,609.05,590.88,604.25,3913.31
2016-09-05,605.72,607.31,592.46,603.74,3829.55
2016-09-06,604.98,609.74,601.0,608.96,4030.31
2016-09-07,608.93,615.92,604.7,614.39,4372.18
2016-09-08,614.44,628.98,611.66,625.66,4346.02
2016-09-09,625.67,627.49,612.93,622.0,3272.66
2016-09-10,622.01,625.0,618.67,622.01,1515.24
2016-09-11,621.65,628.99,594.63,603.8,5290.23
2016-09-12,604.08,609.15,602.0,607.0,3505.24
2016-09-13,606.4,609.61,603.28,607.73,3452.28
2016-09-14,607.45,610.69,605.98,607.89,2886.87
2016-09-15,608.5,608.99,602.3,605.21,3071.05
2016-09-16,606.65,608.99,603.5,605.9,2588.36
2016-09-17,607.04,607.59,601.1,604.04,1109.35
2016-09-18,602.93,609.06,601.97,608.0,1289.48
2016-09-19,608.0,609.5,603.0,607.88,2468.15
2016-09-20,608.73,608.88,605.35,606.95,2432.7
2016-09-21,601.0,601.01,592.1,594.66,3652.44
2016-09-22,595.46,596.42,592.5,593.95,2312.18
2016-09-23,595.42,602.9,593.0,602.53,3967.48
2016-09-24,600.47,603.59,597.76,600.14,1092.94
2016-09-25,600.05,601.99,596.0,597.41,1073.77
2016-09-26,598.95,607.27,596.1,604.28,4005.66
2016-09-27,606.7,608.37,600.02,604.57,3019.48
2016-09-28,604.26,605.3,601.41,603.71,2180.68
2016-09-29,603.93,605.99,601.0,604.96,2697.69
2016-09-30,605.59,608.38,603.15,608.26,2621.96
2016-10-01,608.23,614.28,608.23,612.0,1459.26
2016-10-02,612.98,613.0,605.0,608.59,1404.48
2016-10-03,608.6,611.59,606.6,611.06,1989.94
2016-10-04,612.84,612.84,604.99,607.18,2940.59
2016-10-05,607.19,612.0,605.76,610.98,2263.27
2016-10-06,608.01,610.5,607.09,610.34,1997.2
2016-10-07,610.25,616.34,607.52,614.23,4024.05
2016-10-08,614.88,616.99,612.5,614.48,879.41
2016-10-09,614.34,614.98,610.0,613.61,1171.51
2016-10-10,612.12,616.47,612.12,615.37,2211.59
2016-10-11,616.37,639.0,614.56,638.91,8068.14
2016-10-12,638.3,640.0,628.76,635.06,2647.77
2016-10-13,634.5,636.0,630.0,635.61,2372.3
2016-10-14,635.16,639.99,630.45,638.38,3126.93
2016-10-15,638.2,642.0,635.25,636.01,1416.27
2016-10-16,635.26,641.4,635.18,638.09,1281.36
2016-10-17,638.97,639.99,632.1,635.69,3949.98
2016-10-18,636.96,637.8,631.52,635.58,2723.53
2016-10-19,635.95,638.04,624.13,627.98,4438.98
2016-10-20,627.84,630.22,625.0,627.72,2027.49
2016-10-21,628.05,632.36,627.5,628.99,3021.58
2016-10-22,628.99,656.0,628.57,655.0,4327.45
2016-10-23,654.52,656.0,647.51,649.69,2515.06
2016-10-24,648.71,652.25,640.0,648.14,4619.48
2016-10-25,649.03,657.58,643.0,648.33,5962.24
2016-10-26,651.97,677.0,651.69,673.14,6676.41
2016-10-27,674.63,685.89,665.59,682.67,4360.41
2016-10-28,684.68,687.23,677.05,685.29,3533.3
2016-10-29,685.91,717.99,684.89,712.06,4006.35
2016-10-30,711.1,711.78,691.49,696.36,3701.4
2016-10-31,697.1,706.97,683.6,697.67,4633.45
2016-11-01,697.04,737.0,695.38,726.6,6513.61
2016-11-02,726.6,735.93,717.32,732.99,3993.43
2016-11-03,742.0,745.19,670.32,681.03,12058.18
2016-11-04,684.84,707.67,681.0,702.98,5281.98
2016-11-05,702.95,707.34,694.71,703.63,1903.05
2016-11-06,703.33,714.36,697.92,710.22,2286.86
2016-11-07,709.92,709.92,698.26,706.5,2980.3
2016-11-08,702.86,712.92,701.02,710.19,5507.32
2016-11-09,708.17,740.86,705.45,720.44,9704.45
2016-11-10,721.5,722.0,707.0,714.5,4904.22
2016-11-11,714.48,720.94,712.24,715.82,3275.09
2016-11-12,716.39,716.39,701.0,703.0,2744.07
2016-11-13,701.17,702.89,683.23,701.51,6019.9
2016-11-14,700.38,705.89,697.14,704.7,7277.37
2016-11-15,704.98,716.54,703.05,710.82,5632.96
2016-11-16,711.07,742.87,708.44,737.99,11341.32
2016-11-17,739.71,749.98,732.22,737.0,6643.37
2016-11-18,736.0,752.95,731.31,745.99,4252.57
2016-11-19,748.98,755.07,742.63,749.57,1959.94
2016-11-20,750.09,753.82,714.0,727.09,5518.93
2016-11-21,727.09,739.2,727.03,736.97,4009.26
2016-11-22,736.92,750.0,730.27,746.61,4968.31
2016-11-23,749.13,749.98,729.92,740.17,4417.64
2016-11-24,740.18,741.15,729.0,735.7,3998.96
2016-11-25,735.63,737.03,728.0,737.03,3328.41
2016-11-26,736.96,737.56,722.3,729.87,2272.64
2016-11-27,729.91,732.0,722.44,726.12,3436.36
2016-11-28,727.32,732.44,724.1,730.98,4736.73
2016-11-29,730.99,733.29,721.0,730.99,5193.25
2016-11-30,730.72,744.49,727.0,742.06,6208.19
2016-12-01,742.06,754.98,740.18,751.6,6097.42
2016-12-02,751.55,778.07,750.77,769.99,8062.0
2016-12-03,770.91,770.99,752.41,762.79,2763.36
2016-12-04,762.97,762.97,752.41,761.99,3143.49
2016-12-05,762.0,762.09,743.0,750.0,5540.78
2016-12-06,749.51,759.9,747.99,758.91,6703.0
2016-12-07,758.97,769.61,751.78,766.85,4745.99
2016-12-08,764.05,772.01,762.29,767.96,4475.48
2016-12-09,766.84,773.99,766.29,769.49,2855.94
2016-12-10,769.57,774.12,768.11,772.35,2197.94
2016-12-11,772.28,772.28,764.01,768.19,1378.71
2016-12-12,768.97,779.0,768.96,777.93,2790.93
2016-12-13,777.0,793.27,765.1,778.71,4840.32
2016-12-14,775.35,781.0,770.74,776.29,2309.6
2016-12-15,777.03,779.08,771.0,774.79,2948.47
2016-12-16,776.3,782.46,771.24,780.35,3290.32
2016-12-17,781.32,790.88,780.36,788.4,2387.99
2016-12-18,788.3,790.99,780.0,788.68,2516.86
2016-12-19,788.34,794.39,787.01,790.65,3878.35
2016-12-20,791.03,803.0,787.1,801.02,3979.47
2016-12-21,798.65,830.01,796.82,828.1,9191.56
2016-12-22,832.02,875.0,827.29,858.94,12029.93
2016-12-23,858.94,920.0,858.93,916.0,16185.92
2016-12-24,914.48,918.5,878.89,892.63,5987.56
2016-12-25,892.61,894.97,859.0,891.67,3974.2
2016-12-26,890.65,905.18,888.0,899.1,3461.33
2016-12-27,897.82,936.42,891.0,929.92,7170.3
2016-12-28,930.34,975.97,929.49,975.97,12023.35
2016-12-29,976.46,980.74,950.0,968.99,7785.7
2016-12-30,969.99,970.0,931.0,959.03,10687.6
2016-12-31,959.54,966.37,944.11,964.32,4029.84
2017-01-01,966.34,1005.0,960.53,998.8,6665.42
2017-01-02,997.75,1032.0,990.01,1014.1,8085.06
2017-01-03,1011.44,1039.0,999.99,1036.99,8779.72
2017-01-04,1035.51,1139.89,1028.56,1122.56,21371.6
2017-01-05,1114.38,1136.72,885.41,994.02,34736.36
2017-01-06,1004.73,1026.99,871.0,891.56,27597.93
2017-01-07,894.02,906.0,812.28,897.14,19697.24
2017-01-08,906.2,941.81,881.3,906.17,8849.68
2017-01-09,909.8,912.87,875.0,899.99,8663.98
2017-01-10,896.09,912.47,889.41,907.96,7931.46
2017-01-11,905.05,918.4,755.0,788.81,35446.63
2017-01-12,778.7,832.99,751.34,816.0,17298.71
2017-01-13,807.51,831.4,775.0,826.9,11298.84
2017-01-14,825.98,837.76,810.0,819.66,6581.1
2017-01-15,819.52,823.45,808.0,822.47,4203.56
2017-01-16,821.86,835.0,818.09,829.62,6136.18
2017-01-17,831.76,908.5,827.0,906.08,12173.38
2017-01-18,905.95,915.99,851.74,876.74,11022.4
2017-01-19,887.69,910.0,878.89,900.46,11066.52
2017-01-20,902.23,902.43,880.0,895.62,6605.45
2017-01-21,895.81,928.0,895.0,921.1,5817.93
2017-01-22,921.98,937.74,886.76,919.39,7066.33
2017-01-23,923.75,927.57,913.21,921.39,3339.46
2017-01-24,913.15,923.0,886.27,893.0,8821.87
2017-01-25,885.47,904.01,884.5,892.95,5289.95
2017-01-26,893.25,919.49,892.86,916.34,5107.77
2017-01-27,914.95,924.88,908.01,917.84,4817.73
2017-01-28,918.02,920.99,913.08,917.75,1144.75
2017-01-29,918.6,919.99,910.45,913.1,1322.86
2017-01-30,913.12,923.0,910.0,921.08,2997.2
2017-01-31,919.99,970.0,917.5,965.01,9315.91
2017-02-01,963.99,986.96,962.0,983.36,6874.21
2017-02-02,983.79,1011.65,973.12,1008.18,8205.72
2017-02-03,1009.15,1022.64,987.01,1012.64,10799.51
2017-02-04,1015.06,1044.23,1004.0,1034.44,5725.94
2017-02-05,1033.72,1034.6,1004.7,1014.57,4318.54
2017-02-06,1010.03,1031.94,1005.1,1023.7,5069.03
2017-02-07,1024.0,1056.25,1021.3,1054.12,5280.65
2017-02-08,1052.48,1070.0,1025.0,1056.99,9568.8
2017-02-09,1051.73,1074.69,913.73,981.96,24957.61
2017-02-10,985.71,1010.68,950.0,997.57,10634.42
2017-02-11,995.49,1020.0,987.62,1011.98,4426.59
2017-02-12,1011.01,1011.97,991.98,1001.63,2662.09
2017-02-13,1000.73,1007.89,975.1,1000.25,4540.29
2017-02-14,1000.74,1019.0,987.97,1011.51,6536.91
2017-02-15,1008.88,1013.8,1000.97,1011.53,3095.66
2017-02-16,1011.53,1043.21,1010.75,1032.7,5996.1
2017-02-17,1032.7,1064.99,1031.98,1055.46,6085.02
2017-02-18,1055.46,1068.99,1046.14,1056.4,4471.03
2017-02-19,1056.4,1061.9,1039.07,1051.8,2270.85
2017-02-20,1051.8,1089.99,1044.39,1084.0,3664.0
2017-02-21,1084.0,1126.86,1077.0,1124.62,8394.92
2017-02-22,1124.62,1143.0,1098.16,1130.01,11672.0
2017-02-23,1130.01,1193.92,1120.73,1188.11,11752.03
2017-02-24,1188.11,1220.0,1091.1,1180.14,19597.57
2017-02-25,1180.14,1184.73,1127.0,1152.2,6238.36
2017-02-26,1152.2,1184.97,1133.0,1179.05,3536.49
2017-02-27,1179.05,1197.99,1169.0,1194.64,4638.0
2017-02-28,1194.64,1209.99,1176.27,1191.21,7559.42
2017-03-01,1191.21,1231.0,1188.3,1226.39,6012.98
2017-03-02,1226.39,1283.25,1215.0,1257.6,7761.85
2017-03-03,1257.6,1298.0,1255.0,1285.33,7545.48
2017-03-04,1285.33,1289.55,1230.0,1260.0,4951.0
2017-03-05,1260.0,1275.0,1240.0,1273.0,3026.02
2017-03-06,1273.0,1285.0,1251.0,1278.49,4249.47
2017-03-07,1278.49,1281.62,1175.97,1233.05,14450.04
2017-03-08,1233.05,1245.49,1145.5,1150.05,13391.55
2017-03-09,1150.05,1208.0,1135.01,1190.89,7653.86
2017-03-10,1190.89,1350.0,975.0,1116.97,33194.61
2017-03-11,1116.97,1198.0,1106.51,1176.55,7346.55
2017-03-12,1176.55,1241.85,1170.9,1226.62,5793.91
2017-03-13,1226.62,1249.02,1215.43,1242.46,5630.79
2017-03-14,1242.46,1260.0,1226.5,1245.86,5745.5
2017-03-15,1245.86,1260.0,1238.32,1257.32,3920.35
2017-03-16,1257.32,1258.96,1130.0,1172.62,15244.87
2017-03-17,1172.62,1173.23,1063.0,1071.02,16703.78
2017-03-18,1071.02,1099.0,944.36,969.4,21291.94
2017-03-19,969.4,1063.7,969.4,1017.97,12196.14
2017-03-20,1017.97,1053.0,1010.01,1035.96,7486.66
2017-03-21,1035.96,1117.9,1034.92,1114.39,11125.5
2017-03-22,1114.39,1114.39,988.0,1037.56,14520.38
2017-03-23,1037.56,1054.4,1010.69,1029.65,5917.0
2017-03-24,1029.65,1032.0,920.0,929.06,16066.46
2017-03-25,929.06,963.36,891.33,956.02,13507.18
2017-03-26,956.02,997.0,937.52,960.0,9005.18
2017-03-27,960.0,1043.0,952.95,1039.92,8687.09
2017-03-28,1039.92,1068.26,1014.9,1043.99,9109.22
2017-03-29,1043.99,1059.43,1008.16,1035.96,9379.72
2017-03-30,1035.96,1050.17,1017.14,1033.7,8644.96
2017-03-31,1033.7,1081.0,1031.43,1070.31,12058.79
2017-04-01,1070.31,1097.0,1061.64,1083.94,5209.01
2017-04-02,1083.94,1100.0,1066.49,1078.01,7635.31
2017-04-03,1078.01,1152.0,1076.19,1144.77,11076.86
2017-04-04,1144.77,1162.93,1118.85,1143.0,7418.36
2017-04-05,1143.0,1145.0,1111.0,1134.58,5581.47
2017-04-06,1134.58,1201.37,1134.36,1190.85,9134.3
2017-04-07,1190.85,1202.0,1176.0,1190.66,5450.27
2017-04-08,1190.66,1197.3,1166.66,1184.03,2720.8
2017-04-09,1184.03,1216.87,1173.98,1206.2,4817.38
2017-04-10,1206.2,1219.71,1195.0,1209.25,3656.82
2017-04-11,1209.25,1229.0,1198.02,1218.99,3487.75
2017-04-12,1218.99,1224.57,1208.0,1212.17,3475.19
2017-04-13,1212.17,1219.45,1141.0,1172.91,7135.29
2017-04-14,1172.91,1193.0,1142.0,1170.34,8982.72
2017-04-15,1170.34,1192.5,1165.0,1173.45,1804.45
2017-04-16,1173.45,1179.3,1150.0,1162.31,2663.99
2017-04-17,1162.31,1192.5,1161.0,1176.54,3568.83
2017-04-18,1176.54,1210.0,1175.95,1202.58,5514.17
2017-04-19,1202.58,1209.99,1190.0,1203.98,6046.52
2017-04-20,1203.98,1243.88,1201.66,1234.19,5970.91
2017-04-21,1234.19,1252.32,1231.65,1243.61,4984.49
2017-04-22,1243.61,1247.15,1199.0,1233.2,4122.37
2017-04-23,1233.2,1248.99,1223.42,1241.99,2604.72
2017-04-24,1241.99,1254.0,1234.0,1253.58,3048.04
2017-04-25,1253.58,1280.0,1251.07,1269.0,5249.77
2017-04-26,1269.0,1330.0,1265.0,1287.99,8685.55
2017-04-27,1287.99,1342.02,1285.0,1331.53,6668.0
2017-04-28,1331.53,1347.02,1299.0,1330.7,8234.28
2017-04-29,1330.7,1342.8,1316.0,1333.0,3927.45
2017-04-30,1333.0,1356.0,1315.68,1350.21,3536.18
2017-05-01,1350.21,1425.0,1341.22,1390.86,8602.88
2017-05-02,1390.86,1481.73,1388.0,1447.75,8920.17
2017-05-03,1447.75,1516.04,1431.02,1503.22,11052.34
2017-05-04,1503.22,1623.01,1444.94,1537.23,18824.97
2017-05-05,1537.23,1609.0,1495.0,1514.9,15601.41
2017-05-06,1514.9,1578.97,1505.0,1558.02,7898.17
2017-05-07,1558.02,1565.0,1525.0,1554.01,7667.79
2017-05-08,1554.01,1653.97,1554.01,1649.54,19232.7
2017-05-09,1649.54,1760.4,1616.05,1720.28,16793.24
2017-05-10,1720.28,1794.21,1682.0,1772.58,11263.87
2017-05-11,1772.58,1892.0,1745.01,1828.45,14739.88
2017-05-12,1828.45,1832.0,1650.0,1691.51,17061.7
2017-05-13,1691.51,1785.82,1601.46,1776.89,10531.58
2017-05-14,1776.89,1815.0,1753.0,1784.0,4816.73
2017-05-15,1784.0,1784.0,1682.56,1705.48,13312.2
2017-05-16,1705.48,1750.0,1641.22,1700.01,16473.76
2017-05-17,1700.01,1840.42,1670.01,1782.99,17790.68
2017-05-18,1782.99,1881.8,1766.33,1878.99,11915.2
2017-05-19,1878.99,1969.99,1874.99,1958.0,14115.85
2017-05-20,1958.0,2021.0,1914.0,2013.99,12308.17
2017-05-21,2013.99,2063.11,1961.52,2017.55,6755.83
2017-05-22,2017.55,2230.34,2008.75,2099.97,15312.07
2017-05-23,2099.97,2275.0,2088.45,2264.23,14138.92
2017-05-24,2264.23,2481.75,2264.23,2420.29,22143.08
2017-05-25,2420.29,2760.1,2221.0,2292.53,32938.03
2017-05-26,2292.53,2599.12,2060.0,2279.82,28125.34
2017-05-27,2279.82,2339.94,1850.0,2042.0,26205.92
2017-05-28,2042.0,2313.96,2041.48,2178.81,15365.53
2017-05-29,2178.81,2350.0,2110.0,2292.1,12115.83
2017-05-30,2292.1,2339.08,2160.0,2203.51,13888.0
2017-05-31,2203.51,2334.0,2154.28,2298.01,16275.49
2017-06-01,2298.01,2456.39,2296.81,2413.63,18392.66
2017-06-02,2413.63,2489.0,2370.03,2488.94,12423.32
2017-06-03,2488.94,2584.34,2445.0,2540.94,10806.98
2017-06-04,2540.94,2569.0,2460.0,2530.27,8827.27
2017-06-05,2530.27,2699.35,2525.28,2698.0,12220.09
2017-06-06,2698.0,2933.0,2689.4,2880.74,26672.53
2017-06-07,2880.74,2893.28,2612.5,2683.03,16961.13
2017-06-08,2683.03,2815.0,2613.13,2806.0,13248.6
2017-06-09,2806.0,2868.23,2780.43,2822.32,8036.31
2017-06-10,2822.32,2912.98,2800.0,2899.99,9589.16
2017-06-11,2899.99,2967.46,2861.53,2954.22,6830.4
2017-06-12,2954.22,2980.0,2480.03,2667.06,31530.49
2017-06-13,2667.06,2783.62,2638.62,2703.02,16035.02
2017-06-14,2703.02,2801.0,2320.0,2450.0,29466.54
2017-06-15,2450.0,2516.2,2120.0,2424.91,36736.98
2017-06-16,2424.91,2540.0,2307.66,2484.68,13800.26
2017-06-17,2484.68,2674.4,2420.53,2630.0,11137.71
2017-06-18,2630.0,2665.0,2460.62,2516.98,9423.46
2017-06-19,2516.98,2598.0,2480.96,2598.0,10563.71
2017-06-20,2598.0,2783.0,2581.0,2740.0,15891.45
2017-06-21,2740.0,2789.0,2611.0,2657.04,15671.82
2017-06-22,2657.04,2740.0,2594.61,2713.48,10790.79
2017-06-23,2713.48,2745.0,2657.46,2685.05,8229.5
2017-06-24,2685.05,2724.96,2512.13,2557.66,13341.43
2017-06-25,2557.66,2635.72,2432.0,2502.03,10339.57
2017-06-26,2502.03,2550.03,2315.01,2421.22,22086.78
2017-06-27,2421.22,2565.0,2291.0,2565.0,19109.29
2017-06-28,2565.0,2593.0,2468.01,2559.9,12254.3
2017-06-29,2559.9,2594.78,2500.31,2541.59,8115.56
2017-06-30,2541.59,2564.58,2451.0,2465.49,8711.29
2017-07-01,2465.49,2517.11,2390.0,2412.41,8863.07
2017-07-02,2412.41,2528.72,2374.34,2504.37,8739.52
2017-07-03,2504.37,2595.0,2472.68,2550.47,11519.81
2017-07-04,2550.47,2639.47,2540.07,2596.12,9653.8
2017-07-05,2596.12,2623.0,2530.1,2602.9,10880.61
2017-07-06,2602.9,2614.0,2522.0,2600.39,8327.49
2017-07-07,2600.39,2605.0,2475.0,2501.46,9428.99
2017-07-08,2501.46,2555.0,2462.0,2550.07,5400.45
2017-07-09,2550.07,2564.65,2500.5,2502.28,4481.28
2017-07-10,2502.28,2527.88,2261.85,2323.45,17285.96
2017-07-11,2323.45,2399.0,2242.62,2305.98,17576.48
2017-07-12,2305.98,2408.84,2239.54,2388.0,12881.06
2017-07-13,2388.0,2425.16,2312.93,2339.99,8427.81
2017-07-14,2339.99,2357.84,2140.0,2213.37,12614.31
2017-07-15,2213.37,2219.99,1967.65,1970.51,19882.2
2017-07-16,1970.51,2044.44,1830.0,1917.63,25559.44
2017-07-17,1917.63,2229.97,1910.57,2226.0,26427.32
2017-07-18,2226.0,2392.0,2164.0,2303.71,25186.71
2017-07-19,2303.71,2402.5,2223.0,2265.21,17007.92
2017-07-20,2265.21,2938.0,2265.21,2875.03,30969.52
2017-07-21,2875.03,2887.45,2611.39,2670.0,20713.79
2017-07-22,2670.0,2882.0,2644.59,2832.71,12811.92
2017-07-23,2832.71,2855.0,2640.0,2749.02,11000.53
2017-07-24,2749.02,2800.0,2701.0,2759.98,10001.91
2017-07-25,2759.98,2775.79,2450.0,2564.82,21325.75
2017-07-26,2564.82,2608.96,2400.0,2524.99,17706.93
2017-07-27,2524.99,2695.0,2509.63,2666.33,11825.41
2017-07-28,2666.33,2825.0,2655.82,2777.01,14061.36
2017-07-29,2777.01,2785.65,2631.78,2680.56,10780.01
2017-07-30,2680.56,2774.45,2569.69,2742.37,9675.59
2017-07-31,2742.37,2889.99,2680.01,2855.81,11112.43
2017-08-01,2855.81,2929.17,2615.0,2731.0,12518.56
2017-08-02,2731.0,2760.0,2650.0,2703.51,9478.55
2017-08-03,2703.51,2807.44,2698.83,2793.37,7963.67
2017-08-04,2793.37,2877.52,2765.91,2855.0,7635.81
2017-08-05,2855.0,3339.66,2848.32,3263.62,16994.2
2017-08-06,3263.62,3296.51,3146.1,3222.75,5998.74
2017-08-07,3222.75,3430.0,3186.0,3387.55,12042.05
2017-08-08,3387.55,3490.0,3300.0,3412.41,15829.04
2017-08-09,3412.41,3423.1,3178.72,3342.99,14270.73
2017-08-10,3342.99,3448.0,3311.17,3413.03,9027.65
2017-08-11,3413.03,3705.0,3390.67,3645.06,11923.28
2017-08-12,3645.06,3934.0,3586.95,3855.1,12340.84
2017-08-13,3855.1,4190.0,3841.71,4053.87,15881.43
2017-08-14,4053.87,4329.43,3964.96,4306.23,14210.19
2017-08-15,4306.23,4400.0,3800.0,4155.67,25498.45
2017-08-16,4155.67,4379.78,3926.06,4378.84,12923.26
2017-08-17,4378.84,4480.0,4167.21,4276.5,14566.12
2017-08-18,4276.5,4368.0,3964.96,4100.0,17329.3
2017-08-19,4100.0,4188.0,3900.0,4099.55,15034.29
2017-08-20,4099.55,4125.95,4000.0,4058.68,6235.95
2017-08-21,4058.68,4080.0,3949.78,3987.52,9779.7
2017-08-22,3987.52,4139.31,3600.0,4085.0,23497.56
2017-08-23,4085.0,4248.97,4051.94,4108.12,14972.03
2017-08-24,4108.12,4350.0,4082.57,4300.34,10779.09
2017-08-25,4300.34,4449.98,4270.0,4355.98,9691.7
2017-08-26,4355.98,4369.78,4232.43,4333.38,6559.28
2017-08-27,4333.38,4393.3,4290.32,4337.68,3944.92
2017-08-28,4337.68,4399.72,4169.01,4379.99,8636.26
2017-08-29,4379.99,4649.78,4336.26,4578.82,11875.02
2017-08-30,4578.82,4642.22,4479.0,4573.2,8593.36
2017-08-31,4573.2,4765.21,4566.66,4734.26,8901.59
2017-09-01,4734.26,4935.0,4671.09,4921.7,15349.9
2017-09-02,4921.7,4979.9,4488.5,4599.9,16968.78
2017-09-03,4599.9,4700.0,4385.0,4606.26,11216.38
2017-09-04,4606.26,4613.97,4058.5,4277.0,25014.15
2017-09-05,4277.0,4474.88,4001.93,4396.52,20870.95
2017-09-06,4396.52,4649.23,4356.42,4605.8,16613.84
2017-09-07,4605.8,4674.34,4475.0,4615.0,9248.08
2017-09-08,4615.0,4679.97,4125.99,4312.0,23654.99
2017-09-09,4312.0,4379.78,4164.0,4308.72,9970.37
2017-09-10,4308.72,4322.44,4010.0,4226.22,14714.59
2017-09-11,4226.22,4353.49,4092.4,4207.31,11154.82
2017-09-12,4207.31,4377.65,4080.0,4172.56,13251.77
2017-09-13,4172.56,4179.14,3720.01,3865.34,29518.25
2017-09-14,3865.34,3921.74,3210.0,3227.79,41197.76
2017-09-15,3227.79,3820.0,2977.0,3700.01,59782.68
2017-09-16,3700.01,3872.9,3500.0,3678.93,23098.16
2017-09-17,3678.93,3772.52,3463.0,3662.99,11757.1
2017-09-18,3662.99,4122.7,3659.42,4101.6,17181.29
2017-09-19,4101.6,4119.7,3848.35,3888.8,15251.89
2017-09-20,3888.8,4050.0,3820.56,3874.46,11636.97
2017-09-21,3874.46,3914.0,3573.0,3617.05,17898.73
2017-09-22,3617.05,3761.84,3514.0,3612.18,14959.45
2017-09-23,3612.18,3810.25,3552.0,3779.17,10105.29
2017-09-24,3779.17,3783.25,3615.0,3664.22,6506.91
2017-09-25,3664.22,3968.59,3658.39,3918.0,14928.61
2017-09-26,3918.0,3970.0,3850.61,3888.03,9982.65
2017-09-27,3888.03,4226.73,3870.0,4199.29,15047.14
2017-09-28,4199.29,4270.01,4123.5,4184.84,9606.78
2017-09-29,4184.84,4227.62,4022.02,4164.82,12152.44
2017-09-30,4164.82,4349.0,4154.28,4326.09,7484.86
2017-10-01,4326.09,4377.22,4216.0,4377.22,7186.75
2017-10-02,4377.22,4453.0,4352.0,4391.48,8257.67
2017-10-03,4391.48,4425.0,4218.0,4315.83,12439.78
2017-10-04,4315.83,4343.0,4170.07,4219.53,8495.27
2017-10-05,4219.53,4358.97,4137.96,4301.09,8403.54
2017-10-06,4301.09,4425.0,4278.4,4362.95,8373.72
2017-10-07,4362.95,4463.0,4312.82,4423.3,4624.88
2017-10-08,4423.3,4612.0,4404.5,4597.98,10072.26
2017-10-09,4597.98,4865.0,4541.0,4764.7,12900.31
2017-10-10,4764.7,4909.97,4700.0,4749.29,11657.5
2017-10-11,4749.29,4869.78,4700.0,4822.01,9847.43
2017-10-12,4822.01,5445.0,4793.66,5445.0,19885.18
2017-10-13,5445.0,5846.43,5380.0,5653.6,27797.47
2017-10-14,5653.6,5817.34,5558.26,5801.29,8393.91
2017-10-15,5801.29,5830.0,5415.0,5679.7,11529.17
2017-10-16,5679.7,5807.11,5548.0,5745.72,9053.39
2017-10-17,5745.72,5776.31,5506.78,5597.31,9087.77
2017-10-18,5597.31,5617.75,5101.36,5582.05,18914.61
2017-10-19,5582.05,5735.14,5512.06,5698.69,9883.68
2017-10-20,5698.69,6074.0,5589.8,5977.29,15052.02
2017-10-21,5977.29,6180.0,5871.0,6013.46,15305.54
2017-10-22,6013.46,6071.07,5700.0,5969.0,12213.02
2017-10-23,5969.0,6045.34,5617.75,5871.17,15257.2
2017-10-24,5871.17,5871.17,5453.01,5523.4,17264.05
2017-10-25,5523.4,5748.0,5366.0,5735.88,12312.35
2017-10-26,5735.88,5988.0,5683.0,5890.0,11743.86
2017-10-27,5890.0,5994.06,5674.06,5771.89,11878.19
2017-10-28,5771.89,5875.66,5646.18,5730.69,5911.95
2017-10-29,5730.69,6316.85,5683.0,6137.37,16067.43
2017-10-30,6137.37,6229.77,6024.03,6119.99,9573.17
2017-10-31,6119.99,6449.78,6072.81,6434.21,13388.29
2017-11-01,6434.21,6756.36,6340.01,6741.59,12942.67
2017-11-02,6741.59,7354.1,6700.0,7030.0,26442.64
2017-11-03,7030.0,7500.0,6925.22,7146.82,15978.77
2017-11-04,7146.82,7569.9,6994.0,7388.83,9178.26
2017-11-05,7388.83,7590.0,7275.16,7372.72,9211.21
2017-11-06,7372.72,7421.39,6922.07,6967.68,19290.82
2017-11-07,6967.68,7244.69,6945.0,7130.28,11625.97
2017-11-08,7130.28,7888.0,7080.01,7450.32,24598.0
2017-11-09,7450.32,7490.0,7061.2,7148.0,14729.52
2017-11-10,7148.0,7343.18,6429.44,6588.18,26492.72
2017-11-11,6588.18,6820.0,6218.0,6355.13,14890.46
2017-11-12,6355.13,6488.88,5555.55,5870.37,37220.5
2017-11-13,5870.37,6775.75,5846.0,6525.17,27163.67
2017-11-14,6525.17,6750.0,6466.88,6609.0,12072.05
2017-11-15,6609.0,7350.0,6609.0,7294.0,16869.9
2017-11-16,7294.0,7976.79,7120.85,7846.96,19272.37
2017-11-17,7846.96,7997.0,7528.5,7674.99,17714.37
2017-11-18,7674.99,7858.0,7431.54,7771.03,7326.81
2017-11-19,7771.03,8087.35,7675.0,8016.58,8307.78
2017-11-20,8016.58,8269.99,7900.0,8226.17,8179.46
2017-11-21,8226.17,8354.46,7770.0,8095.23,13686.34
2017-11-22,8095.23,8310.89,8045.76,8214.69,8078.58
2017-11-23,8214.69,8279.76,7980.0,7989.0,7811.79
2017-11-24,7989.0,8340.0,7876.0,8199.19,9289.99
2017-11-25,8199.19,8737.0,8114.78,8717.99,11611.67
2017-11-26,8717.99,9366.6,8538.2,9271.06,12021.22
2017-11-27,9271.06,9721.7,9267.0,9708.07,13272.45
2017-11-28,9708.07,9968.0,9582.25,9868.82,11214.93
2017-11-29,9868.82,11395.0,9289.0,9824.68,29509.5
2017-11-30,9824.68,10618.29,9000.0,9947.67,25433.46
2017-12-01,9947.67,10949.89,9370.11,10840.45,16708.03
2017-12-02,10840.45,11200.0,10637.69,10872.0,9267.16
2017-12-03,10872.0,11800.01,10513.16,11250.0,14238.53
2017-12-04,11250.0,11613.07,10850.0,11613.07,13621.48
2017-12-05,11613.07,11850.0,11384.25,11677.0,10910.99
2017-12-06,11677.0,13700.0,11659.8,13623.5,19784.87
2017-12-07,13623.5,16615.62,13085.9,16599.99,24423.39
2017-12-08,16599.99,16666.66,13482.42,15800.0,25473.4
2017-12-09,15800.0,15998.5,12701.05,14607.49,15763.56
2017-12-10,14607.49,15385.0,13011.0,14691.0,18487.98
2017-12-11,14691.0,17270.0,14677.19,16470.0,16583.72
2017-12-12,16470.0,17428.42,15967.29,16650.01,12511.23
2017-12-13,16650.01,17107.03,15497.69,16250.0,17136.71
2017-12-14,16250.0,16830.45,15852.69,16404.99,13409.52
2017-12-15,16404.99,17934.0,16337.19,17471.5,18998.39
2017-12-16,17471.5,19377.0,17269.99,19187.78,9761.22
2017-12-17,19187.78,19666.0,18465.0,18953.0,9749.25
2017-12-18,18953.0,19220.0,17835.2,18940.57,14678.94
2017-12-19,18940.57,19160.79,16831.26,17700.0,21528.14
2017-12-20,17700.0,17950.0,15343.04,16466.98,31172.23
2017-12-21,16466.98,17281.17,15005.0,15600.01,20377.86
2017-12-22,15600.01,15795.61,11159.93,14009.79,57444.16
2017-12-23,14009.79,15756.22,13496.48,14619.0,21786.41
2017-12-24,14619.0,14619.1,12488.0,14157.87,18519.49
2017-12-25,14157.87,14650.0,13210.0,13911.28,11564.54
2017-12-26,13911.28,16147.87,13746.95,15764.44,15051.16
2017-12-27,15764.44,16480.52,14484.0,15364.93,15643.75
2017-12-28,15364.93,15474.19,13500.0,14470.07,16557.22
2017-12-29,14470.07,15111.0,13998.0,14340.0,13505.7
2017-12-30,14340.0,14463.28,12050.0,12640.0,21749.67
2017-12-31,12640.0,14296.06,12491.21,13880.0,11583.42
2018-01-01,13880.0,13941.75,12801.38,13443.41,7688.03
2018-01-02,13443.41,15257.53,12910.58,14678.94,16299.67
2018-01-03,14678.94,15500.0,14546.28,15155.62,12275.0
2018-01-04,15155.62,15430.27,14192.37,15143.67,15004.02
2018-01-05,15143.67,17200.0,14810.0,16928.0,16248.91
2018-01-06,16928.0,17234.99,16220.0,17149.67,9501.02
2018-01-07,17149.67,17149.97,15707.16,16124.02,8632.81
2018-01-08,16124.02,16300.0,13900.0,14999.99,16684.13
2018-01-09,14999.99,15367.18,14123.97,14403.51,13913.52
2018-01-10,14403.51,14900.0,13412.0,14890.02,18479.01
2018-01-11,14890.02,14973.07,12800.0,13243.83,19630.08
2018-01-12,13243.83,14152.19,12807.27,13781.41,13433.08
2018-01-13,13781.41,14619.1,13781.41,14197.78,7488.99
2018-01-14,14197.78,14365.81,13072.22,13647.99,7588.64
2018-01-15,13647.99,14394.36,13429.25,13607.04,9444.64
2018-01-16,13607.04,13607.04,10162.0,11386.34,38789.88
2018-01-17,11386.34,11794.07,9222.0,11191.35,41356.19
2018-01-18,11191.35,12146.0,10693.0,11247.57,22195.26
2018-01-19,11247.57,12050.39,11025.18,11552.0,13203.26
2018-01-20,11552.0,13052.12,11515.94,12775.99,10324.06
2018-01-21,12775.99,12791.88,11100.0,11558.87,11596.44
2018-01-22,11558.87,11910.78,10028.41,10808.99,17067.73
2018-01-23,10808.99,11409.87,9927.54,10851.82,17250.18
2018-01-24,10851.82,11500.0,10488.13,11400.96,11646.79
2018-01-25,11400.96,11741.82,10868.57,11155.54,10212.92
2018-01-26,11155.54,11635.0,10263.32,11092.95,15074.67
2018-01-27,11092.95,11630.47,10815.84,11446.54,10309.81
2018-01-28,11446.54,11989.15,11360.52,11685.58,9956.09
2018-01-29,11685.58,11820.01,10991.0,11162.62,9996.36
2018-01-30,11162.62,11222.36,9731.2,9971.0,21082.19
2018-01-31,9971.0,10324.0,9514.96,10149.0,12743.51
2018-02-01,10149.0,10187.56,8455.0,8998.99,26356.59
2018-02-02,8998.99,9096.79,7625.25,8838.83,51005.6
2018-02-03,8838.83,9491.2,8170.71,9225.86,16208.37
2018-02-04,9225.86,9350.09,7825.0,8191.0,19110.67
2018-02-05,8191.0,8335.56,6600.0,6874.27,46544.43
2018-02-06,6874.27,8150.0,5920.72,7737.37,70961.37
2018-02-07,7737.37,8649.0,7213.8,7588.01,32640.89
2018-02-08,7588.01,8644.36,7565.5,8259.76,22746.39
2018-02-09,8259.76,8779.62,7753.32,8693.98,18418.12
2018-02-10,8693.98,9090.8,8170.86,8560.0,14670.56
2018-02-11,8560.0,8560.0,7820.0,8067.0,12711.79
2018-02-12,8067.0,8995.0,8067.0,8899.0,15071.04
2018-02-13,8899.0,8951.89,8360.13,8522.99,11374.52
2018-02-14,8522.99,9515.0,8504.57,9490.98,17468.74
2018-02-15,9490.98,10234.0,9350.0,10018.0,21036.34
2018-02-16,10018.0,10300.0,9707.51,10196.0,11857.64
2018-02-17,10196.0,11135.83,10053.5,11101.0,14511.17
2018-02-18,11101.0,11300.0,10153.15,10421.06,17623.08
2018-02-19,10421.06,11262.48,10307.51,11173.0,11698.26
2018-02-20,11173.0,11780.0,11080.37,11233.41,15880.91
2018-02-21,11233.41,11275.74,10256.0,10449.4,19959.68
2018-02-22,10449.4,10935.0,9731.2,9843.34,20204.69
2018-02-23,9843.34,10405.3,9600.0,10166.1,16044.04
2018-02-24,10166.1,10540.63,9373.48,9689.99,13972.71
2018-02-25,9689.99,9883.41,9260.0,9590.04,11037.18
2018-02-26,9590.04,10461.97,9376.34,10324.7,16156.81
2018-02-27,10324.7,10850.0,10150.0,10566.3,10408.48
2018-02-28,10572.49,11064.75,10255.07,10314.90,10490.74905816
2018-03-01,10314.99,11090.00,10223.41,10903.13,9481.66514611
2018-03-02,10917.37,11175.00,10774.01,11029.99,8329.09790086
2018-03-03,11032.81,11503.24,11022.85,11445.00,7786.26753951
2018-03-04,11445.00,11511.00,11054.91,11463.27,6831.63070279
2018-03-05,11479.68,11688.00,11383.66,11419.24,9933.67623336
2018-03-06,11417.39,11420.01,10560.19,10723.76,14734.41949313
2018-03-07,10723.01,10911.78,9450.00,9913.03,26116.51184803
2018-03-08,9904.52,10150.00,9078.95,9285.32,22522.42746991
2018-03-09,9293.06,9420.39,8366.00,9230.00,29014.16684454
2018-03-10,9228.83,9514.96,8697.00,8791.47,12886.58857926
2018-03-11,8795.04,9768.37,8450.00,9535.04,16407.54237557
2018-03-12,9535.04,9892.00,8742.07,9120.75,18751.02057959
2018-03-13,9115.24,9482.79,8830.00,9142.32,16001.47534639
2018-03-14,9152.07,9356.14,7948.00,8196.69,21191.02313580
2018-03-15,8195.99,8425.00,7682.00,8265.05,18387.61138793
2018-03-16,8265.05,8613.06,7914.08,8258.54,16498.62433531
2018-03-17,8258.54,8356.40,7730.23,7860.83,12048.66889140
2018-03-18,7860.83,8324.92,7325.37,8188.24,19547.36114711
2018-03-19,8205.55,8718.74,8114.17,8596.93,19396.08835883
2018-03-20,8596.79,9051.00,8313.01,8904.02,13454.82226040
2018-03-21,8904.02,9188.10,8754.83,8893.79,12100.99713332
2018-03-22,8892.18,9099.59,8503.52,8704.67,12587.63392229
2018-03-23,8708.52,8920.79,8265.00,8920.79,13749.78486097
2018-03-24,8917.99,9020.00,8505.00,8547.00,9731.98236841
2018-03-25,8541.96,8680.00,8368.63,8453.90,9155.91214778
2018-03-26,8451.12,8500.00,7831.15,8149.66,17693.41533930
2018-03-27,8152.26,8211.62,7742.11,7791.70,12385.25028422
2018-03-28,7791.69,8104.98,7723.03,7932.41,8437.64467971
2018-03-29,7932.41,7968.00,6914.53,7088.38,22138.11413228
2018-03-30,7086.14,7302.35,6550.00,6850.00,29101.44802706
2018-03-31,6839.63,7231.73,6794.26,6928.62,11579.59705718
2018-04-01,6926.50,7045.71,6427.16,6813.52,18046.94087395
2018-04-02,6816.31,7106.50,6759.96,7052.76,13624.16035566
2018-04-03,7052.75,7506.84,7001.28,7416.27,16089.54162903
2018-04-04,7415.53,7430.00,6710.38,6799.95,15779.20246661
2018-04-05,6799.37,6928.70,6578.95,6771.69,11894.53597807
2018-04-06,6771.30,6850.00,6510.00,6618.33,8478.41806897
2018-04-07,6627.70,7069.13,6600.99,6904.90,7683.04165260
2018-04-08,6904.21,7104.52,6894.80,7027.26,4352.69794202
2018-04-09,7027.26,7175.83,6611.49,6780.10,10103.91621615
2018-04-10,6782.39,6900.00,6653.21,6835.67,6480.19276418
2018-04-11,6824.75,6984.92,6809.26,6940.94,5825.41064556
2018-04-12,6940.94,8069.34,6758.45,7923.78,19033.38033440
2018-04-13,7923.78,8239.33,7753.32,7896.92,19605.94275077
2018-04-14,7885.90,8232.14,7835.00,8000.41,8935.53071477
2018-04-15,8003.39,8417.00,8001.23,8354.22,7542.84081564
2018-04-16,8353.43,8424.99,7905.00,8048.15,10866.60295749
2018-04-17,8054.68,8160.85,7806.81,7890.87,9277.15121538
2018-04-18,7890.87,8235.00,7870.35,8172.84,9227.20459808
2018-04-19,8172.83,8297.99,8074.44,8271.31,9436.84632763
2018-04-20,8273.00,8934.00,8216.90,8861.00,16059.62267134
2018-04-21,8865.78,9023.40,8608.00,8920.71,15336.30792743
2018-04-22,8924.93,9036.52,8760.00,8789.96,9346.45175925
2018-04-23,8781.70,9006.39,8771.22,8946.95,10286.11771490
2018-04-24,8942.00,9737.16,8930.00,9648.00,20460.50898304
2018-04-25,9648.36,9755.53,8751.00,8864.99,33035.90404482
2018-04-26,8855.07,9326.79,8647.29,9274.48,20042.96970211
2018-04-27,9277.32,9387.82,8901.09,8921.43,11375.51437547
2018-04-28,8916.54,9442.34,8854.47,9345.11,15558.40230193
2018-04-29,9352.97,9538.75,9180.00,9393.99,10940.71803063
2018-04-30,9396.32,9443.96,9111.00,9242.17,8085.68829456
2018-05-01,9243.51,9249.99,8815.91,9066.90,12138.26396050
2018-05-02,9066.90,9259.16,8975.23,9222.00,10575.17497792
2018-05-03,9220.00,9799.99,9165.19,9732.43,11670.79957863
2018-05-04,9737.00,9784.73,9527.38,9696.57,7326.05207111
2018-05-05,9689.00,9948.98,9670.68,9823.28,7403.10502352
2018-05-06,9827.04,9918.41,9375.00,9623.54,8155.57685660
2018-05-07,9621.99,9634.50,9175.00,9359.52,13616.34859330
2018-05-08,9356.79,9450.00,9015.00,9167.69,11418.31053651
2018-05-09,9181.52,9368.79,8974.62,9308.49,11368.83432539
2018-05-10,9308.49,9393.00,8987.74,9020.99,11764.97750570
2018-05-11,9007.19,9018.38,8351.00,8411.42,20383.92660992
2018-05-12,8408.79,8652.80,8208.81,8481.60,15464.92940302
2018-05-13,8481.72,8775.90,8335.56,8696.58,9835.22450915
2018-05-14,8696.54,8900.90,8286.57,8674.36,18861.93709627
2018-05-15,8674.53,8865.00,8400.00,8474.99,12391.83198691
2018-05-16,8481.99,8505.33,8100.01,8346.59,12705.12321984
2018-05-17,8337.77,8500.00,7980.00,8067.03,8259.12452442
2018-05-18,8058.16,8275.10,7929.53,8248.87,7181.20388348
2018-05-19,8248.99,8395.00,8141.08,8231.20,3784.07576637
2018-05-20,8225.55,8590.00,8170.71,8518.48,5314.99889979
2018-05-21,8518.64,8589.10,8320.00,8391.76,6126.97105348
2018-05-22,8403.23,8417.65,7951.41,7984.08,9101.06078693
2018-05-23,7983.98,8032.01,7435.49,7502.89,17635.90129337
2018-05-24,7509.99,7733.99,7267.24,7586.88,11648.36524358
2018-05-25,7579.30,7661.07,7328.13,7471.18,10088.84331121
2018-05-26,7459.21,7622.87,7276.04,7335.99,4043.55765023
2018-05-27,7335.99,7412.57,7213.09,7347.39,3144.45110906
2018-05-28,7348.64,7445.00,7084.99,7112.50,6583.63252959
2018-05-29,7112.20,7537.00,7026.90,7469.45,11049.92099287
2018-05-30,7469.45,7559.00,7273.89,7375.73,8940.45400530
2018-05-31,7375.64,7601.23,7330.22,7492.28,7339.00726931
2018-06-01,7492.28,7620.01,7348.45,7511.60,6762.62757270
2018-06-02,7511.72,7700.00,7438.92,7642.00,4012.16875521
2018-06-03,7642.00,7790.69,7581.03,7703.67,4729.21008365
2018-06-04,7712.97,7764.44,7449.68,7488.26,6990.55135270
2018-06-05,7494.99,7685.00,7360.00,7617.98,9968.45508961
2018-06-06,7617.98,7695.46,7482.61,7658.57,7058.05577232
2018-06-07,7658.99,7750.00,7618.99,7689.28,7545.00925066
2018-06-08,7676.41,7697.00,7542.00,7618.11,4676.55832777
2018-06-09,7618.11,7686.45,7468.31,7492.70,2713.78104511
2018-06-10,7498.00,7498.00,6627.70,6781.17,14392.69540615
2018-06-11,6781.17,6919.97,6634.86,6880.61,11409.52423218
2018-06-12,6880.76,6880.76,6461.42,6557.67,8827.59949970
2018-06-13,6557.66,6624.45,6120.00,6307.40,19190.50457858
2018-06-14,6308.49,6708.10,6270.69,6646.10,14185.83821156
2018-06-15,6638.80,6666.66,6370.00,6390.60,7132.20678871
2018-06-16,6390.60,6557.81,6333.63,6487.92,3553.69972603
2018-06-17,6487.92,6575.35,6429.23,6453.41,2828.75680848
2018-06-18,6451.03,6793.00,6381.25,6707.50,5940.17439750
2018-06-19,6711.30,6841.81,6660.21,6736.52,5443.67979628
2018-06-20,6728.44,6809.26,6558.95,6756.58,5193.76884592
2018-06-21,6756.60,6792.20,6677.85,6718.33,4837.32442832
2018-06-22,6718.33,6737.97,5940.00,6050.45,18544.14405465
2018-06-23,6055.17,6261.00,6048.54,6177.38,4585.87147205
2018-06-24,6169.91,6255.05,5780.00,6153.40,11423.59392896
2018-06-25,6153.60,6365.34,6075.01,6253.61,9689.68930701
2018-06-26,6252.28,6277.00,6025.68,6068.00,7751.62208792
2018-06-27,6073.99,6181.11,5985.00,6135.64,7446.86155074
2018-06-28,6135.64,6165.49,5818.14,5848.33,8878.39857291
2018-06-29,5845.20,6299.00,5774.72,6204.24,12067.37316767
2018-06-30,6204.01,6510.00,6190.28,6385.71,6915.08887702
2018-07-01,6385.75,6438.55,6259.34,6349.99,4160.70556721
2018-07-02,6345.48,6667.57,6270.69,6612.98,8799.80247408
2018-07-03,6605.46,6666.00,6464.39,6507.99,5924.86541706
2018-07-04,6507.99,6792.28,6413.20,6584.25,6706.73400620
2018-07-05,6575.62,6700.00,6445.31,6533.69,7692.21577694
2018-07-06,6533.69,6636.15,6449.76,6596.53,5457.67218749
2018-07-07,6604.74,6820.00,6510.00,6759.99,4842.79587112
2018-07-08,6755.46,6783.54,6674.60,6706.60,5145.84575684
2018-07-09,6706.60,6814.72,6620.00,6666.75,7165.21723333
2018-07-10,6666.75,6683.90,6270.84,6299.46,9163.01977492
2018-07-11,6304.45,6400.00,6285.00,6380.00,6370.13680136
2018-07-12,6379.13,6380.00,6072.00,6243.88,7792.46685782
2018-07-13,6243.53,6337.25,6121.01,6215.59,5901.29571452
2018-07-14,6208.78,6317.84,6180.00,6243.98,2584.73396230
2018-07-15,6245.99,6397.21,6227.76,6349.30,3556.29310719
2018-07-16,6353.25,6755.00,6333.63,6721.04,9404.05647649
2018-07-17,6721.21,7468.31,6657.95,7310.71,12703.29651293
2018-07-18,7310.71,7599.98,7239.15,7378.10,13347.87429603
2018-07-19,7384.92,7570.90,7278.84,7471.42,8803.25309749
2018-07-20,7474.35,7696.88,7265.00,7330.84,9379.17143244
2018-07-21,7330.84,7458.00,7212.00,7409.92,4049.81022253
2018-07-22,7398.16,7581.03,7336.15,7396.60,5107.97881280
2018-07-23,7393.50,7800.00,7369.86,7719.62,12572.45317131
2018-07-24,7712.46,8496.96,7691.14,8403.83,18707.41156484
2018-07-25,8394.48,8475.00,8049.22,8174.06,10348.06857767
2018-07-26,8174.06,8314.23,7855.97,7926.00,8091.87166049
2018-07-27,7926.00,8274.98,7798.48,8183.05,8701.76587806
2018-07-28,8177.72,8259.00,8051.43,8237.74,2765.68049060
2018-07-29,8231.07,8299.99,8109.74,8216.74,3980.27940760
2018-07-30,8216.74,8295.00,7853.01,8160.21,11785.89207823
2018-07-31,8162.28,8162.37,7633.67,7725.43,11994.08614156
2018-08-01,7726.85,7761.56,7440.00,7602.01,11406.76843741
2018-08-02,7600.22,7709.98,7455.00,7536.37,5262.23613199
2018-08-03,7535.00,7542.92,7286.41,7416.98,9585.77930917
2018-08-04,7416.98,7494.48,6926.00,7009.99,6831.75139028
2018-08-05,7009.94,7086.80,6888.88,7032.61,6039.13514460
2018-08-06,7028.89,7157.93,6835.06,6936.11,7317.64296455
2018-08-07,6932.18,7155.00,6671.00,6717.68,10039.39296375
2018-08-08,6717.67,6717.68,6121.00,6283.59,14668.56802221
2018-08-09,6283.89,6627.00,6190.01,6543.76,9484.88670496
2018-08-10,6544.98,6584.05,5995.75,6139.99,14096.00988894
2018-08-11,6139.99,6494.13,6000.00,6239.98,6818.37504816
2018-08-12,6240.49,6493.77,6163.44,6310.82,7169.89323056
2018-08-13,6311.99,6544.37,6142.20,6252.63,8896.68083746
2018-08-14,6252.63,6254.02,5880.00,6193.62,14235.27018218
2018-08-15,6194.30,6628.50,6186.02,6272.30,12501.11334781
2018-08-16,6273.34,6477.57,6208.37,6313.51,7099.26116360
2018-08-17,6314.08,6584.49,6290.64,6580.15,6635.58158998
2018-08-18,6578.13,6615.00,6303.00,6399.28,3496.80232127
2018-08-19,6397.37,6545.00,6312.00,6481.99,3138.71131829
2018-08-20,6481.63,6522.99,6223.90,6260.82,6254.82080784
2018-08-21,6260.83,6513.28,6246.05,6479.27,5655.04172504
2018-08-22,6478.99,6906.81,6250.00,6355.76,11955.65069577
2018-08-23,6355.97,6575.99,6344.80,6525.01,4028.43387247
2018-08-24,6525.99,6721.09,6445.32,6692.94,6374.54257854
2018-08-25,6692.99,6800.00,6664.25,6732.40,4980.64928331
2018-08-26,6732.99,6775.34,6558.95,6700.46,3475.72024960
2018-08-27,6700.13,6944.47,6641.35,6904.51,5863.68824836
2018-08-28,6911.70,7125.28,6861.17,7080.94,8222.24765235
2018-08-29,7079.46,7124.06,6890.00,7032.96,5730.97892652
2018-08-30,7034.47,7055.97,6792.85,6984.01,6875.26197217
2018-08-31,6984.34,7101.03,6879.00,7017.35,5790.38050638
2018-09-01,7015.78,7300.18,7015.22,7185.01,4590.45724112
2018-09-02,7195.80,7334.50,7130.63,7290.31,3297.68658519
2018-09-03,7291.94,7340.08,7184.00,7258.99,2829.87707292
2018-09-04,7261.29,7411.85,7231.00,7361.00,4531.14780379
2018-09-05,7353.48,7387.00,6650.00,6679.30,12408.79698551
2018-09-06,6671.95,6705.59,6253.29,6493.09,14674.02367160
2018-09-07,6488.01,6525.00,6322.00,6400.00,6541.96747088
2018-09-08,6401.01,6465.46,6113.23,6178.31,4284.19484304
2018-09-09,6178.31,6451.51,6094.38,6236.04,4104.31379555
2018-09-10,6238.99,6351.13,6223.90,6301.99,5371.72530672
2018-09-11,6303.99,6405.00,6162.06,6279.99,7076.79725968
2018-09-12,6274.60,6350.00,6192.89,6322.45,4282.15960066
2018-09-13,6326.83,6537.46,6324.37,6485.70,6985.34747474
2018-09-14,6482.95,6587.00,6384.36,6476.51,4598.02098322
2018-09-15,6476.51,6570.10,6466.74,6520.15,1328.81956289
2018-09-16,6521.49,6524.84,6349.47,6499.98,1098.62806031
2018-09-17,6499.28,6530.24,6200.00,6254.52,4386.88772482
2018-09-18,6251.49,6390.00,6226.63,6332.34,4196.47314808
2018-09-19,6330.00,6510.00,6100.00,6388.40,7232.08338006
2018-09-20,6388.40,6535.11,6333.63,6492.98,5177.64510387
2018-09-21,6492.98,6775.34,6483.83,6749.45,8569.98587321
2018-09-22,6748.85,6826.28,6624.79,6710.01,5491.80951385
2018-09-23,6710.01,6774.91,6659.00,6702.22,3248.80491931
2018-09-24,6703.37,6721.68,6550.96,6581.52,4030.72562001
2018-09-25,6578.70,6579.59,6324.96,6428.99,8206.61700477
2018-09-26,6428.09,6540.00,6379.44,6461.51,4295.92674134
2018-09-27,6454.32,6736.85,6431.95,6681.62,5664.85211251
2018-09-28,6684.50,6792.28,6525.67,6610.76,7642.04936428
2018-09-29,6609.02,6609.02,6454.00,6579.38,3382.01592212
2018-09-30,6574.29,6628.06,6510.00,6597.81,2482.69507513
2018-10-01,6597.79,6638.15,6477.57,6571.20,4796.04013200
2018-10-02,6569.32,6597.00,6447.28,6500.00,4116.13342419
2018-10-03,6500.00,6510.00,6396.34,6456.77,4774.76328174
2018-10-04,6454.81,6604.89,6450.58,6547.56,3832.70048916
2018-10-05,6548.83,6641.35,6510.00,6582.12,3807.26928181
2018-10-06,6582.11,6595.69,6526.28,6544.08,2022.78075908
2018-10-07,6547.93,6600.00,6493.92,6577.63,2455.65659087
2018-10-08,6574.15,6656.63,6541.06,6604.75,4079.04424933
2018-10-09,6604.76,6623.14,6553.13,6588.80,2254.95026959
2018-10-10,6588.72,6589.79,6387.91,6517.55,5177.06675956
2018-10-11,6517.55,6520.43,6055.28,6152.76,9616.23958351
2018-10-12,6152.76,6243.79,6109.79,6185.15,3246.38155720
2018-10-13,6182.03,6219.77,6168.83,6199.69,1954.04680593
2018-10-14,6201.23,6349.47,6143.08,6183.00,2525.73820085
2018-10-15,6185.04,6756.00,6149.28,6441.74,16895.88930388
2018-10-16,6438.20,6493.77,6386.40,6461.20,4703.09390629
2018-10-17,6457.67,6465.39,6407.69,6437.29,2961.26337446
2018-10-18,6440.07,6490.00,6350.00,6396.18,3823.16928503
2018-10-19,6394.23,6412.40,6355.99,6383.46,2290.05901170
2018-10-20,6380.47,6424.16,6363.02,6412.86,1261.97849549
2018-10-21,6412.86,6470.00,6401.01,6413.38,1541.01151749
2018-10-22,6412.62,6429.23,6372.53,6406.06,2407.53546180
2018-10-23,6409.39,6421.58,6354.26,6393.41,2851.00556658
2018-10-24,6396.24,6473.00,6393.00,6411.96,3535.33808825
2018-10-25,6411.96,6422.73,6361.73,6393.53,3046.60380599
2018-10-26,6393.38,6450.30,6377.81,6406.10,3323.82631782
2018-10-27,6406.10,6420.01,6381.25,6407.66,890.12715690
2018-10-28,6407.66,6420.00,6383.00,6405.57,839.29766473
2018-10-29,6404.27,6420.00,6208.37,6266.52,5190.82201499
2018-10-30,6266.47,6289.00,6240.00,6269.46,2523.57742936
2018-10-31,6269.45,6350.00,6199.25,6303.27,5148.08262352
2018-11-01,6304.50,6365.33,6288.01,6340.99,2190.97047686
2018-11-02,6343.85,6381.25,6328.33,6350.43,2678.06948097
2018-11-03,6350.05,6351.74,6312.48,6335.00,1084.13861953
2018-11-04,6333.59,6475.00,6310.57,6421.76,2673.81391399
2018-11-05,6428.23,6441.43,6369.89,6403.20,2335.48865475
2018-11-06,6404.97,6460.01,6378.24,6447.50,4270.33460011
2018-11-07,6448.17,6544.00,6442.47,6501.00,4800.82491273
2018-11-08,6501.00,6511.27,6388.88,6405.49,3966.97303181
2018-11-09,6405.49,6418.18,6307.00,6325.00,3218.12902607
2018-11-10,6325.00,6377.26,6323.00,6349.32,1523.39384996
2018-11-11,6349.39,6365.00,6269.46,6357.54,1718.26855567
2018-11-12,6352.57,6388.21,6298.50,6318.00,3526.03903239
2018-11-13,6318.01,6328.36,6244.35,6260.91,3630.56272124
2018-11-14,6255.86,6298.47,5324.00,5595.91,25121.93301356
2018-11-15,5592.23,5641.00,5199.80,5585.00,19945.90828161
2018-11-16,5571.12,5610.00,5411.74,5508.71,8074.60557580
2018-11-17,5514.62,5550.66,5452.63,5503.36,2732.79162871
2018-11-18,5503.36,5658.47,5500.00,5559.26,2576.45532010
2018-11-19,5553.01,5559.69,4694.44,4735.44,28910.66553331
2018-11-20,4732.92,4897.36,4048.58,4352.00,39775.38943928
2018-11-21,4349.41,4635.00,4242.33,4538.01,20678.25000596
2018-11-22,4551.47,4589.53,4194.98,4275.23,10258.46172893
2018-11-23,4268.40,4364.46,4061.02,4288.26,13322.77736822
2018-11-24,4288.25,4376.88,3638.48,3785.65,14236.74417437
2018-11-25,3780.67,4120.00,3474.73,3938.89,26969.94763424
2018-11-26,3934.22,4069.59,3522.28,3727.34,24357.88293934
2018-11-27,3727.34,3834.35,3548.76,3771.01,16814.00296565
2018-11-28,3771.01,4355.08,3771.00,4220.16,22983.71348838
2018-11-29,4219.77,4409.77,4086.97,4249.80,15944.01262628
2018-11-30,4250.00,4300.00,3861.00,3971.06,14364.62144791
2018-12-01,3970.56,4264.47,3904.34,4140.39,6412.23253743
2018-12-02,4140.40,4265.00,4030.00,4102.05,7019.16205825
2018-12-03,4099.63,4115.15,3747.00,3834.34,10726.67730460
2018-12-04,3830.81,4033.98,3730.00,3903.52,12249.93688790
2018-12-05,3903.52,3913.62,3662.35,3696.69,13443.22072621
2018-12-06,3694.03,3844.79,3415.22,3437.26,15480.96697218
2018-12-07,3437.22,3531.00,3210.00,3380.68,26513.23162490
2018-12-08,3376.27,3495.99,3241.00,3398.80,10176.34927433
2018-12-09,3398.80,3633.20,3371.09,3529.75,8011.02295177
2018-12-10,3528.68,3588.43,3355.00,3408.00,10375.26877055
2018-12-11,3406.41,3427.27,3292.65,3353.42,8951.71070828
2018-12-12,3345.01,3490.00,3325.70,3430.18,7284.10378196
2018-12-13,3430.20,3441.13,3221.14,3262.73,11715.01908312
2018-12-14,3263.55,3294.81,3135.55,3195.75,14437.50526664
2018-12-15,3194.04,3230.00,3122.28,3179.54,5814.86853241
2018-12-16,3180.84,3259.43,3178.23,3193.78,6033.50714633
2018-12-17,3191.41,3590.00,3181.26,3496.73,16389.79444903
2018-12-18,3499.37,3684.00,3422.77,3667.16,13792.36427592
2018-12-19,3667.16,3924.01,3642.69,3684.50,21125.61437541
2018-12-20,3684.03,4172.07,3656.75,4073.77,25986.85291601
2018-12-21,4073.58,4162.00,3770.00,3841.08,16967.23460506
2018-12-22,3842.59,4010.16,3780.09,3980.90,7697.59815203
2018-12-23,3977.65,4051.00,3900.00,3943.83,4609.89261726
2018-12-24,3947.82,4236.84,3944.84,4036.00,12017.91713092
2018-12-25,4034.54,4049.23,3674.73,3779.99,11801.43441841
2018-12-26,3780.00,3863.34,3678.80,3810.01,10064.18282348
2018-12-27,3810.01,3841.17,3566.00,3591.69,11850.01238190
2018-12-28,3590.26,3970.00,3575.00,3884.97,13055.71840689
2018-12-29,3884.66,3961.85,3702.51,3725.48,6901.38233180
2018-12-30,3728.96,3870.00,3688.76,3835.79,5736.45370818
2018-12-31,3831.03,3842.89,3630.00,3693.30,6667.16373743
2019-01-01,3693.85,3845.46,3629.66,3823.44,5149.60627729
2019-01-02,3825.41,3918.67,3770.00,3885.87,5534.46951453
2019-01-03,3890.27,3893.40,3760.00,3787.81,4803.24610920
2019-01-04,3785.64,3850.33,3732.38,3817.71,7452.05894356
2019-01-05,3822.00,3887.09,3780.00,3791.84,3656.37531439
2019-01-06,3795.38,4090.00,3753.00,4040.71,5400.71486407
2019-01-07,4040.71,4070.00,3964.01,4005.45,7445.09600426
2019-01-08,4005.00,4112.00,3934.73,3994.90,11819.98676966
2019-01-09,3994.75,4060.00,3948.44,4002.13,7390.13399203
2019-01-10,4003.09,4036.22,3503.44,3627.51,16118.42088248
2019-01-11,3627.65,3704.60,3569.85,3632.02,10571.08164263
2019-01-12,3631.00,3650.35,3557.09,3617.13,3184.35219414
2019-01-13,3617.75,3654.02,3476.00,3515.95,5908.52280454
2019-01-14,3517.03,3714.00,3506.00,3664.28,9925.99072165
2019-01-15,3664.28,3687.02,3534.68,3576.93,8059.81737770
2019-01-16,3576.92,3669.00,3570.48,3605.91,7675.06606371
2019-01-17,3609.50,3660.00,3534.25,3638.01,7499.52552971
2019-01-18,3638.01,3641.90,3577.00,3609.21,5023.51029080
2019-01-19,3609.29,3774.00,3602.60,3681.00,4080.88346413
2019-01-20,3680.00,3703.27,3470.00,3536.72,5591.01583422
2019-01-21,3537.42,3573.29,3485.58,3531.51,5821.89983137
2019-01-22,3531.51,3615.80,3401.36,3576.81,6877.06367550
2019-01-23,3574.44,3620.23,3518.00,3552.32,6170.84267224
2019-01-24,3553.20,3598.00,3524.00,3570.73,4488.01463801
2019-01-25,3570.67,3578.79,3511.00,3560.00,4961.79512299
2019-01-26,3560.94,3657.89,3536.51,3555.56,2697.88387935
2019-01-27,3555.31,3564.12,3456.00,3533.23,3852.65964090
2019-01-28,3532.23,3536.77,3357.30,3429.50,10345.10091040
2019-01-29,3431.43,3438.76,3322.19,3390.50,7284.38686266
2019-01-30,3391.25,3465.05,3372.34,3437.35,5704.02340186
2019-01-31,3438.00,3474.20,3392.60,3413.11,5951.81816980
2019-02-01,3413.69,3460.00,3364.53,3434.83,6659.84752495
2019-02-02,3434.83,3485.00,3406.38,3462.82,3051.95860768
2019-02-03,3470.50,3476.33,3384.67,3414.82,2813.89222442
2019-02-04,3413.75,3439.46,3394.85,3410.87,3244.08497898
2019-02-05,3409.81,3435.00,3396.00,3431.39,4045.62530164
2019-02-06,3431.81,3445.60,3328.70,3364.62,6137.40639817
2019-02-07,3364.00,3383.29,3350.00,3359.33,4293.55581410
2019-02-08,3358.39,3711.04,3337.91,3622.94,14388.64754224
2019-02-09,3626.12,3639.74,3589.52,3622.62,4054.50461695
2019-02-10,3622.74,3662.43,3576.16,3650.37,4155.50568273
2019-02-11,3651.32,3652.56,3578.70,3588.70,7931.40887407
2019-02-12,3588.99,3619.93,3548.28,3585.94,10074.81670532
2019-02-13,3585.70,3629.81,3541.00,3574.93,7992.74321134
2019-02-14,3575.01,3590.74,3531.01,3560.46,5910.24312876
2019-02-15,3560.45,3620.53,3544.88,3566.29,6234.76805726
2019-02-16,3566.29,3609.00,3561.96,3579.92,3442.47630393
2019-02-17,3580.43,3663.34,3553.98,3625.60,5012.46127538
2019-02-18,3625.60,3916.47,3614.82,3869.80,15567.08485429
2019-02-19,3870.97,4000.00,3840.08,3888.46,12525.13651013
2019-02-20,3889.92,3967.52,3861.49,3936.53,9854.35493853
2019-02-21,3936.80,3989.99,3866.25,3900.40,8055.79892817
2019-02-22,3900.64,3957.00,3882.59,3939.82,6593.85993401
2019-02-23,3939.83,4157.87,3905.63,4113.53,7966.31721086
2019-02-24,4113.56,4190.00,3714.42,3730.68,13737.01398845
2019-02-25,3733.78,3861.81,3732.60,3820.71,8835.36224921
2019-02-26,3817.93,3830.00,3760.09,3795.06,6543.16453722
2019-02-27,3794.42,3822.85,3658.19,3798.47,7602.29984472
2019-02-28,3796.49,3897.62,3755.00,3791.36,6747.88027166
2019-03-01,3791.02,3845.30,3789.50,3807.05,4761.41015902
2019-03-02,3805.00,3818.75,3760.00,3810.46,3259.74312485
2019-03-03,3810.47,3822.39,3756.00,3789.52,2508.08649072
2019-03-04,3789.70,3806.90,3670.00,3698.66,7293.71962839
2019-03-05,3698.65,3877.10,3690.00,3844.07,7280.82397551
2019-03-06,3844.07,3895.12,3808.80,3851.55,6402.67507493
2019-03-07,3851.26,3891.04,3826.13,3856.64,7964.50825371
2019-03-08,3856.78,3924.37,3760.10,3844.64,7707.39667049
2019-03-09,3841.27,3950.25,3835.66,3916.43,5125.89830383
2019-03-10,3916.42,3916.43,3862.00,3897.92,3000.60671855
2019-03-11,3898.14,3912.89,3812.64,3849.25,6612.11516125
2019-03-12,3848.86,3877.69,3791.07,3859.74,5794.61473428
2019-03-13,3861.37,3874.68,3820.00,3848.48,4275.54000025
2019-03-14,3848.10,3903.98,3775.01,3854.77,5167.56617609
2019-03-15,3857.33,3912.06,3843.09,3901.21,6411.98332751
2019-03-16,3899.19,4040.00,3899.12,3990.00,6959.47788339
2019-03-17,3990.00,3992.42,3927.28,3965.50,2711.95016796
2019-03-18,3965.63,4016.63,3929.83,3969.59,5420.23037801
2019-03-19,3969.94,4012.63,3947.15,3998.13,5317.45055524
2019-03-20,3999.50,4050.00,3962.60,4031.59,6244.95370182
2019-03-21,4033.70,4055.35,3919.63,3974.21,7561.75989694
2019-03-22,3974.50,4000.81,3958.94,3982.07,3453.36892821
2019-03-23,3980.40,4001.17,3957.11,3982.52,2259.56452610
2019-03-24,3979.19,3980.97,3942.04,3969.99,2204.06560941
2019-03-25,3970.23,3980.22,3850.45,3910.51,6913.36709721
2019-03-26,3910.00,3936.36,3879.50,3922.58,4315.60487708
2019-03-27,3922.58,4037.11,3912.19,4025.50,8151.67504888
2019-03-28,4025.50,4025.56,3992.60,4012.23,3927.54682157
2019-03-29,4011.00,4102.57,4005.00,4090.00,8391.03462414
2019-03-30,4090.00,4130.36,4040.00,4094.92,3923.13646640
2019-03-31,4094.92,4101.70,4074.29,4096.08,2402.58820541
2019-04-01,4092.02,4150.00,4052.56,4136.32,7232.98731201
2019-04-02,4133.93,5080.00,4130.64,4899.63,30686.17351442
2019-04-03,4899.01,5345.00,4800.50,4978.23,29321.27268405
2019-04-04,4972.83,5077.35,4778.59,4907.94,15898.11514808
2019-04-05,4911.14,5067.62,4883.83,5039.73,13023.74651610
2019-04-06,5041.00,5240.00,4900.00,5041.39,10049.84478829
2019-04-07,5041.92,5253.49,5028.30,5190.85,10872.51935616
2019-04-08,5192.92,5347.37,5127.68,5287.88,13344.98151487
2019-04-09,5287.97,5288.95,5136.01,5192.60,9410.35350033
2019-04-10,5184.03,5466.06,5161.00,5323.47,10723.93474696
2019-04-11,5323.47,5344.31,4966.87,5040.20,15052.95606333
2019-04-12,5037.82,5122.48,4912.00,5076.35,8057.03847684
2019-04-13,5075.74,5122.01,5033.73,5063.63,4520.43702971
2019-04-14,5064.00,5185.26,5012.73,5162.72,3443.44728316
2019-04-15,5160.54,5192.01,4948.57,5027.31,7423.01375858
2019-04-16,5027.33,5231.96,5014.77,5202.43,7675.40412015
2019-04-17,5201.47,5275.07,5170.01,5233.72,6741.07720986
2019-04-18,5227.60,5325.00,5218.23,5281.58,6375.89568714
2019-04-19,5283.00,5357.96,5180.37,5289.91,5285.60637017
2019-04-20,5289.91,5362.97,5253.82,5318.89,3665.56962108
2019-04-21,5318.94,5346.91,5212.80,5295.65,4631.03916752
2019-04-22,5295.96,5439.12,5249.00,5386.80,7127.11186779
2019-04-23,5388.22,5627.00,5363.24,5531.32,10132.40317154
2019-04-24,5531.29,5623.30,5372.00,5440.95,10521.03763127
2019-04-25,5440.95,5510.00,4991.42,5132.55,9893.93590864
2019-04-26,5132.50,5291.48,5046.31,5155.19,15033.10177930
2019-04-27,5154.11,5218.31,5113.00,5168.91,4041.33355341
2019-04-28,5171.51,5213.23,5099.00,5160.98,3957.25435637
2019-04-29,5152.98,5191.96,5071.58,5149.11,5753.61513714
2019-04-30,5150.21,5287.40,5127.05,5269.00,5055.27283570
2019-05-01,5267.86,5357.96,5263.03,5318.42,4209.28441353
2019-05-02,5322.28,5422.94,5304.99,5385.00,5908.52172325
2019-05-03,5385.00,5796.56,5363.10,5658.22,12700.58899257
2019-05-04,5659.82,5846.13,5510.00,5764.65,8525.45570755
2019-05-05,5766.46,5782.55,5624.25,5709.32,5162.56182988
2019-05-06,5714.40,5755.79,5562.44,5685.46,6826.98087533
2019-05-07,5686.88,5970.00,5686.88,5751.54,10741.56186069
2019-05-08,5751.54,5986.00,5658.66,5940.89,6320.41354540
2019-05-09,5945.32,6172.00,5932.83,6156.70,9081.24077807
2019-05-10,6151.66,6426.80,6105.00,6342.84,13821.71360689
2019-05-11,6338.93,7445.00,6338.93,7217.47,22331.43531269
2019-05-12,7214.40,7585.00,6762.57,6974.35,27398.21436403
2019-05-13,6968.84,8167.50,6863.75,7810.05,27299.34473923
2019-05-14,7810.72,8335.56,7618.99,7986.00,18881.44115957
2019-05-15,7991.72,8300.00,7838.00,8208.69,16613.07123458
2019-05-16,8203.97,8390.95,7654.93,7880.00,17078.70375960
2019-05-17,7879.28,7942.09,6178.00,7351.71,27307.57969969
2019-05-18,7352.39,7493.85,7205.57,7260.12,7564.89968988
2019-05-19,7257.82,8299.99,7247.86,8200.00,15595.26745165
2019-05-20,8193.45,8199.97,7581.03,8005.64,13426.78750889
2019-05-21,8007.67,8117.48,7676.27,7955.16,7518.55567690
2019-05-22,7949.18,8049.22,7505.69,7624.95,8396.82203697
2019-05-23,7622.90,7980.00,7468.31,7880.22,8370.35625318
2019-05-24,7880.40,8188.87,7795.95,7999.02,9358.97181211
2019-05-25,7999.02,8158.45,7939.76,8064.64,3361.65325124
2019-05-26,8066.15,8802.29,7888.91,8733.26,8526.81164447
2019-05-27,8733.27,8939.18,8653.68,8770.73,8948.02467376
2019-05-28,8774.45,8817.41,8540.94,8717.96,6144.01124571
2019-05-29,8715.35,8762.39,8421.12,8663.41,7584.25785894
2019-05-30,8663.07,9096.79,8000.00,8277.76,15259.58792555
2019-05-31,8277.76,8589.99,8109.74,8547.20,9957.91006545
2019-06-01,8545.80,8624.72,8457.33,8556.27,5167.05130706
2019-06-02,8560.10,8833.97,8546.01,8734.49,4263.03616530
2019-06-03,8735.84,8745.96,8049.22,8103.64,9955.03261894
2019-06-04,8103.63,8103.63,7432.84,7665.53,15485.70215021
2019-06-05,7673.41,7924.48,7570.90,7785.94,9193.71188764
2019-06-06,7784.62,7878.62,7449.68,7806.07,8738.66635896
2019-06-07,7801.97,8134.99,7758.93,8001.25,9012.09615945
2019-06-08,8002.68,8061.12,7777.67,7932.27,4870.11556741
2019-06-09,7933.17,7966.58,7511.41,7632.99,3895.84810538
2019-06-10,7629.98,8090.00,7523.16,8021.10,7150.59429755
2019-06-11,8017.99,8057.32,7713.34,7919.10,5552.68803771
2019-06-12,7915.70,8266.00,7821.73,8176.27,8577.16249687
2019-06-13,8171.12,8335.56,8049.22,8238.00,7237.80039095
2019-06-14,8235.44,8737.37,8174.92,8697.54,8678.25030630
2019-06-15,8694.74,8911.98,8623.52,8857.19,5275.75306910
2019-06-16,8857.19,9391.85,8805.00,8974.19,15018.85335613
2019-06-17,8973.02,9477.70,8973.02,9333.48,12760.96069746
2019-06-18,9333.48,9361.87,8918.00,9078.84,11327.45394298
2019-06-19,9076.51,9325.85,9036.19,9278.27,4687.25984305
2019-06-20,9280.17,9600.00,9211.08,9534.99,7870.31583938
2019-06-21,9534.99,10229.49,9534.97,10222.12,12553.09963424
2019-06-22,10222.13,11200.00,10085.50,10661.30,13709.30032222
2019-06-23,10665.66,11247.62,10483.33,10831.95,7270.64581160
2019-06-24,10827.23,11099.00,10551.51,11029.63,8247.39381098
2019-06-25,11030.00,11796.37,11000.02,11751.01,12133.57175867
2019-06-26,11760.00,13880.00,11647.07,12920.54,37487.80242579
2019-06-27,12927.44,13355.61,10300.00,11153.74,36106.96055323
2019-06-28,11153.73,12447.46,10739.10,12354.43,18718.10158772
2019-06-29,12354.45,12386.76,11317.03,11858.62,12265.99736052
2019-06-30,11867.35,12200.06,10651.30,10760.10,12642.61772277
2019-07-01,10759.24,11200.41,9950.00,10577.43,22917.43710404
2019-07-02,10581.78,10942.63,9614.08,10828.90,20285.24655295
2019-07-03,10830.10,12009.00,10830.10,11967.43,19389.85475767
2019-07-04,11970.00,12061.04,11052.74,11146.34,11185.29420376
2019-07-05,11144.82,11440.00,10769.15,10997.84,11893.43794970
2019-07-06,10996.82,11735.00,10982.89,11240.00,7892.17866812
2019-07-07,11233.21,11627.00,11083.76,11469.96,6683.05546715
2019-07-08,11478.43,12398.00,11332.19,12286.14,11901.90089462
2019-07-09,12299.94,12883.48,12030.43,12567.23,15115.55238390
2019-07-10,12574.88,13200.00,11550.00,12098.95,19838.38994897
2019-07-11,12101.44,12104.97,10966.81,11349.24,18468.68600043
2019-07-12,11352.74,11942.39,11083.52,11808.91,9176.67942993
2019-07-13,11811.08,11846.61,10810.00,11378.79,9391.35341435
2019-07-14,11382.03,11467.30,10090.00,10191.87,12170.40823763
2019-07-15,10191.87,11080.37,9855.00,10850.00,16048.02718406
2019-07-16,10848.27,11042.11,9366.00,9412.81,20761.02748001
2019-07-17,9427.45,9993.00,9049.54,9699.35,16992.78525932
2019-07-18,9712.15,10797.00,9280.33,10648.60,18289.54217585
2019-07-19,10638.44,10776.99,10102.58,10535.43,13787.45646718
2019-07-20,10533.71,11120.00,10359.17,10750.11,9964.67388282
2019-07-21,10757.15,10839.09,10325.00,10600.24,5628.16176664
2019-07-22,10605.03,10686.89,10052.25,10328.83,9371.30644231
2019-07-23,10315.87,10327.33,9801.88,9847.02,9040.84882621
2019-07-24,9841.42,9911.50,9514.96,9763.67,9433.34520017
2019-07-25,9781.52,10187.00,9734.19,9883.96,6377.95751785
2019-07-26,9886.08,9897.46,9650.00,9846.94,5570.10914746
2019-07-27,9846.94,10235.00,9299.00,9481.37,9614.10207519
2019-07-28,9467.84,9634.50,9111.00,9533.19,3860.83481690
2019-07-29,9538.73,9725.17,9360.00,9495.39,5068.65430930
2019-07-30,9508.21,9775.00,9373.48,9593.62,5533.97118529
2019-07-31,9592.26,10143.20,9574.09,10085.34,7917.50847720
2019-08-01,10096.01,10499.00,9878.09,10407.71,7681.73235986
2019-08-02,10416.79,10670.00,10318.47,10529.51,9286.86172741
2019-08-03,10529.51,10919.00,10502.80,10821.52,6996.11722818
2019-08-04,10812.58,11085.99,10564.96,10986.96,7556.32923024
2019-08-05,10986.55,11959.36,10986.55,11800.00,17260.45577332
2019-08-06,11800.00,12325.00,11200.00,11470.00,16420.57916354
2019-08-07,11471.58,12145.42,11388.01,11971.57,15480.45524249
2019-08-08,11973.46,12061.10,11450.93,11983.43,10144.46210884
2019-08-09,11985.60,12040.00,11650.00,11859.32,7336.91484905
2019-08-10,11859.32,11976.68,11200.00,11273.20,7447.24834124
2019-08-11,11273.03,11589.73,11080.37,11528.73,4361.39069182
2019-08-12,11527.44,11551.57,11194.04,11385.11,3417.70935664
2019-08-13,11380.61,11446.94,10738.58,10862.28,9003.17888634
2019-08-14,10862.25,10862.25,9888.57,10022.99,12678.94119470
2019-08-15,10022.50,10444.66,9467.57,10301.44,15083.17326332
2019-08-16,10294.90,10540.00,9736.96,10354.34,11080.39966131
2019-08-17,10351.18,10472.93,9974.51,10210.89,3907.52839849
2019-08-18,10221.94,10515.00,10065.41,10318.99,3398.41986671
2019-08-19,10318.99,10940.00,10267.56,10927.30,8044.02134828
2019-08-20,10927.30,10955.48,10549.74,10772.22,5883.59995275
2019-08-21,10778.75,10807.54,9853.45,10134.75,9812.62171129
2019-08-22,10123.56,10238.29,9755.53,10112.01,6710.30664788
2019-08-23,10112.45,10479.00,10051.00,10401.60,5557.29144342
2019-08-24,10401.87,10432.00,9885.48,10149.70,5106.55673687
2019-08-25,10149.38,10355.89,9907.86,10136.75,3953.39528117
2019-08-26,10136.75,10650.00,10136.75,10360.97,7166.67534085
2019-08-27,10355.11,10375.53,10019.10,10167.29,4781.33502180
2019-08-28,10171.39,10280.71,9555.00,9711.78,9303.15591906
2019-08-29,9720.20,9720.20,9320.00,9490.00,7717.10637568
2019-08-30,9490.56,9700.00,9350.10,9579.75,5317.30970010
2019-08-31,9569.30,9682.73,9443.19,9594.15,1572.15542709
2019-09-01,9593.50,9832.00,9538.75,9767.53,1799.36720121
2019-09-02,9767.56,10471.00,9753.24,10384.48,6144.79883515
2019-09-03,10384.07,10783.00,10286.00,10617.61,11443.53849727
2019-09-04,10617.72,10834.15,10378.70,10586.26,10088.72363010
2019-09-05,10586.26,10664.13,10461.97,10573.66,4555.62463429
2019-09-06,10573.04,10949.00,10204.18,10311.09,10701.50994422
2019-09-07,10309.04,10580.00,10297.58,10484.39,3148.50895336
2019-09-08,10497.57,10594.88,10229.49,10400.18,3130.86103548
2019-09-09,10387.33,10542.93,10060.00,10307.45,6059.76274364
2019-09-10,10317.62,10390.09,9910.00,10096.00,4658.92141056
2019-09-11,10093.39,10243.01,9855.11,10154.46,4614.34849343
2019-09-12,10163.81,10465.00,10027.52,10420.34,4719.04668642
2019-09-13,10423.99,10458.13,10153.87,10368.65,3755.41742244
2019-09-14,10365.81,10441.47,10217.01,10355.37,2656.15453049
2019-09-15,10362.52,10383.20,10258.49,10305.74,2297.72276878
2019-09-16,10320.36,10378.07,10060.95,10269.98,5496.03749388
2019-09-17,10257.20,10280.53,10130.59,10195.73,5078.59865576
2019-09-18,10182.96,10263.65,10080.00,10152.09,3952.00683587
2019-09-19,10161.59,10380.07,9600.00,10271.53,7455.91141166
2019-09-20,10284.72,10308.04,10055.00,10169.02,4463.38202069
2019-09-21,10169.02,10180.43,9913.35,9985.28,4148.89981496
2019-09-22,9973.00,10093.24,9842.35,10020.58,3213.95409570
2019-09-23,10022.38,10048.06,9606.00,9682.19,5447.96313246
2019-09-24,9685.69,9782.00,7998.00,8536.82,28154.41355726
2019-09-25,8536.71,8746.83,8216.00,8432.16,17435.86789130
2019-09-26,8443.44,8467.89,7733.99,8055.03,16662.32021152
2019-09-27,8055.25,8294.04,7866.00,8187.72,10165.85293694
2019-09-28,8199.96,8356.40,8009.84,8218.07,6315.48953894
2019-09-29,8218.07,8244.07,7902.66,8047.60,5366.57071770
2019-09-30,8060.13,8368.50,7714.70,8298.45,9518.99210777
2019-10-01,8304.47,8531.25,8195.42,8319.01,10224.59198253
2019-10-02,8326.41,8393.39,8170.91,8373.42,4952.53411520
2019-10-03,8377.68,8419.23,8029.14,8239.92,8701.12039607
2019-10-04,8243.39,8244.93,7986.65,8152.07,6278.78141904
2019-10-05,8157.89,8195.00,8016.26,8145.17,4445.10406787
2019-10-06,8150.73,8176.46,7772.71,7854.12,6454.53572694
2019-10-07,7863.75,8313.70,7763.54,8205.53,9363.32718459
2019-10-08,8211.04,8344.12,8109.74,8178.54,3577.72287319
2019-10-09,8185.85,8707.80,8110.00,8586.34,11634.19484623
2019-10-10,8586.57,8666.84,8450.61,8582.11,7435.43199033
2019-10-11,8589.08,8820.00,8222.88,8265.55,7824.58718752
2019-10-12,8265.16,8427.76,8254.68,8303.43,1828.83312447
2019-10-13,8303.43,8474.48,8132.91,8282.96,4445.28381368
2019-10-14,8278.39,8416.67,8215.41,8362.99,4294.60738920
2019-10-15,8353.33,8420.85,8086.00,8155.13,5044.66127938
2019-10-16,8162.45,8179.10,7912.66,7995.89,8644.40011646
2019-10-17,7995.73,8130.71,7936.71,8073.32,5395.88599206
2019-10-18,8069.26,8120.77,7811.62,7955.08,5611.09353737
2019-10-19,7950.48,8096.76,7875.00,7960.49,3461.12529207
2019-10-20,7965.39,8314.77,7874.68,8235.74,6358.92499072
2019-10-21,8236.49,8352.00,8156.00,8213.65,4919.73416831
2019-10-22,8206.53,8314.77,7989.15,8025.90,5678.93483059
2019-10-23,8021.57,8052.04,7293.55,7470.77,13306.18266092
2019-10-24,7470.77,7512.00,7356.00,7435.00,4997.42309350
2019-10-25,7427.00,8784.29,7393.14,8662.66,19113.79549622
2019-10-26,8677.09,10350.00,8642.46,9252.75,38751.80025476
2019-10-27,9262.72,9819.92,9092.66,9557.08,17783.02515594
2019-10-28,9547.32,9950.00,9177.84,9216.44,14722.01859796
2019-10-29,9216.39,9573.35,9051.48,9426.94,9059.61157854
2019-10-30,9426.94,9437.06,8985.25,9159.94,8814.43804818
2019-10-31,9169.55,9438.61,8961.53,9150.07,10113.15940929
2019-11-01,9158.08,9303.53,9054.60,9250.45,6640.55238456
2019-11-02,9250.70,9396.91,9201.19,9304.75,2701.13696278
2019-11-03,9304.75,9384.32,9067.00,9207.00,2539.21833111
2019-11-04,9207.00,9586.50,9122.33,9410.76,4962.44231548
2019-11-05,9410.76,9485.00,9165.20,9320.14,4979.57899177
2019-11-06,9319.10,9448.19,9254.68,9344.78,4670.23465673
2019-11-07,9346.02,9373.48,9080.00,9199.36,3975.97661681
2019-11-08,9209.30,9253.39,8661.00,8767.37,9699.74677043
2019-11-09,8760.38,8876.94,8720.00,8812.21,2271.51792167
2019-11-10,8806.85,9142.33,8750.85,9024.49,2663.27825012
2019-11-11,9029.88,9075.32,8593.00,8720.36,6392.97505953
2019-11-12,8720.36,8872.47,8549.00,8813.91,4721.90610684
2019-11-13,8817.00,8839.46,8700.00,8755.24,3185.82098874
2019-11-14,8765.53,8791.78,8555.00,8636.90,3412.80581524
2019-11-15,8632.07,8799.03,8363.00,8463.49,5213.70141434
2019-11-16,8459.38,8539.53,8423.00,8484.63,1180.57339029
2019-11-17,8485.61,8631.60,8375.00,8499.31,2074.00770126
2019-11-18,8499.53,8508.40,8010.70,8170.65,4825.65562506
2019-11-19,8176.90,8197.77,7989.15,8121.63,4412.39464174
2019-11-20,8124.08,8231.04,8027.28,8088.44,2996.00619203
2019-11-21,8085.54,8116.92,7394.09,7611.51,9374.99957046
2019-11-22,7612.23,7714.70,6785.00,7285.85,20120.14646602
2019-11-23,7276.21,7356.49,7102.16,7320.39,5550.47222776
2019-11-24,7330.98,7349.68,6861.96,6908.36,6047.01776023
2019-11-25,6900.90,7380.00,6515.00,7122.14,18716.60131311
2019-11-26,7127.12,7344.91,7018.78,7159.22,7643.84956815
2019-11-27,7168.74,7676.27,6847.72,7527.84,15156.99193450
2019-11-28,7517.82,7659.92,7372.19,7436.72,6925.58489749
2019-11-29,7429.32,7870.35,7411.17,7753.69,7658.87160206
2019-11-30,7753.69,7815.00,7452.08,7550.67,5446.27351349
2019-12-01,7560.20,7560.20,7233.87,7412.66,5477.97290774
2019-12-02,7411.75,7431.07,7140.08,7309.64,4324.30016255
2019-12-03,7317.94,7415.00,7238.04,7300.43,2552.20229834
2019-12-04,7299.20,7772.71,7087.09,7197.78,7737.39153487
2019-12-05,7199.58,7500.00,7150.06,7390.42,4641.75678879
2019-12-06,7397.35,7618.99,7305.56,7541.79,4167.24016320
2019-12-07,7535.46,7638.88,7486.70,7502.65,2034.57371900
2019-12-08,7505.86,7580.00,7382.69,7524.26,1798.77041268
2019-12-09,7516.80,7666.00,7268.03,7340.52,6582.47031165
2019-12-10,7332.05,7400.00,7150.23,7216.07,4090.62092926
2019-12-11,7224.50,7271.00,7122.28,7207.42,3419.93896517
2019-12-12,7208.95,7296.19,7072.20,7188.42,4376.88899274
2019-12-13,7185.15,7302.35,7179.65,7257.47,3178.07849595
2019-12-14,7255.94,7269.00,7007.48,7059.03,2012.34890643
2019-12-15,7066.35,7225.23,7007.00,7115.08,1848.34572822
2019-12-16,7115.08,7147.91,6820.00,6882.19,5923.05547919
2019-12-17,6882.08,6938.77,6550.00,6612.30,7107.25638535
2019-12-18,6619.53,7449.68,6425.00,7286.91,12873.63439214
2019-12-19,7286.91,7372.12,7000.00,7149.57,5936.55634536
2019-12-20,7157.53,7218.11,7072.61,7194.11,3201.66392251
2019-12-21,7194.13,7194.13,7109.73,7147.40,1689.08199513
2019-12-22,7147.40,7530.00,7124.52,7509.70,3796.22608082
2019-12-23,7521.88,7692.98,7247.86,7316.17,6710.76736040
2019-12-24,7317.47,7431.10,7156.00,7251.52,4194.58980335
2019-12-25,7247.45,7266.81,7110.73,7195.79,1504.52751296
2019-12-26,7195.80,7432.00,7150.00,7188.30,3116.74715162
2019-12-27,7195.17,7255.37,7052.00,7246.00,4024.57086599
2019-12-28,7247.70,7349.65,7231.00,7296.24,1579.70272647
2019-12-29,7297.43,7524.46,7274.43,7385.54,2583.85134193
2019-12-30,7372.79,7384.90,7199.00,7220.24,3722.91334933
2019-12-31,7222.74,7302.35,7112.55,7168.36,2638.69130899
2020-01-01,7160.69,7237.35,7150.00,7178.68,1119.10969318
2020-01-02,7174.70,7184.94,6900.00,6950.56,3972.70795427
2020-01-03,6945.70,7402.31,6853.53,7338.91,8072.72908749
2020-01-04,7332.58,7396.10,7256.03,7344.48,3256.73735349
2020-01-05,7356.05,7495.00,7310.00,7356.70,2707.27385549
2020-01-06,7352.12,7817.00,7342.46,7762.74,6728.28277831
2020-01-07,7768.17,8220.00,7697.03,8159.01,12158.32281238
2020-01-08,8151.79,8463.57,7872.09,8044.44,11913.23248192
2020-01-09,8048.94,8048.94,7737.97,7806.78,5957.24423978
2020-01-10,7812.70,8200.00,7667.00,8200.00,8999.98825687
2020-01-11,8200.00,8286.00,8000.00,8016.22,3788.32731360
2020-01-12,8008.10,8190.00,7960.00,8180.76,2056.08675369
2020-01-13,8180.75,8196.81,8039.00,8105.01,4011.43909644
2020-01-14,8105.01,8895.00,8105.01,8813.04,17009.43193382
2020-01-15,8813.20,8903.20,8555.00,8809.17,8606.88339936
2020-01-16,8810.62,8852.35,8573.91,8710.15,6713.25847640
2020-01-17,8715.39,9015.22,8661.52,8892.63,9363.15892644
2020-01-18,8898.03,9000.10,8798.90,8908.53,3678.00926615
2020-01-19,8901.02,9188.10,8461.38,8696.60,8785.44992700
2020-01-20,8698.97,8740.54,8507.93,8625.17,4420.19825219
2020-01-21,8629.66,8778.66,8480.00,8717.89,3394.68916005
2020-01-22,8728.47,8792.98,8567.68,8655.93,3143.81212331
2020-01-23,8661.63,8665.95,8280.00,8378.44,8611.01078760
2020-01-24,8382.08,8530.70,8212.90,8422.13,6430.43023326
2020-01-25,8435.83,8437.47,8252.72,8329.50,2812.78995216
2020-01-26,8320.00,8600.00,8276.22,8590.48,6340.58577579
2020-01-27,8600.00,9004.35,8546.55,8894.54,9619.77474260
2020-01-28,8894.57,9413.24,8876.00,9400.00,9565.55935515
2020-01-29,9386.57,9443.96,9215.50,9289.18,6481.91594603
2020-01-30,9280.83,9570.00,9166.07,9500.00,7945.15877894
2020-01-31,9510.84,9529.35,9195.93,9327.85,5009.62230695
2020-02-01,9339.26,9464.16,9280.33,9377.17,1669.00246242
2020-02-02,9379.60,9474.28,9135.00,9329.39,3015.79158859
2020-02-03,9309.69,9615.00,9211.07,9288.09,4758.13350441
2020-02-04,9281.00,9348.60,9075.00,9159.37,4867.22545881
2020-02-05,9168.49,9775.00,9142.52,9618.42,8063.96793828
2020-02-06,9617.84,9859.57,9521.00,9754.63,7554.48867469
2020-02-07,9754.63,9878.00,9706.94,9803.42,4013.49096731
2020-02-08,9803.71,9948.97,9658.58,9902.00,3268.73554695
2020-02-09,9907.70,10178.54,9885.04,10173.97,4830.33787739
2020-02-10,10173.51,10199.85,9731.20,9850.01,7560.66789084
2020-02-11,9851.99,10383.90,9706.94,10268.98,8127.59636283
2020-02-12,10270.98,10495.00,10247.35,10348.78,6553.40942709
2020-02-13,10348.78,10500.50,10068.00,10228.67,9347.45128374
2020-02-14,10229.19,10398.00,10093.26,10364.04,6190.37749036
2020-02-15,10364.04,10408.04,9739.00,9899.78,5762.30634481
2020-02-16,9909.71,10051.24,9598.49,9912.89,4133.47675014
2020-02-17,9925.96,9973.45,9467.57,9697.15,5913.20492551
2020-02-18,9725.57,10288.00,9602.60,10185.17,6754.35394103
2020-02-19,10190.30,10300.00,9312.00,9595.72,9936.82068140
2020-02-20,9589.10,9706.27,9396.91,9612.76,6608.49107920
2020-02-21,9610.40,9773.20,9562.60,9696.13,4271.47074293
2020-02-22,9696.13,9722.39,9568.51,9668.13,2096.56353593
2020-02-23,9664.08,10024.08,9664.08,9965.21,3329.22433648
2020-02-24,9969.79,10027.66,9480.00,9652.58,5877.00770771
2020-02-25,9664.87,9682.73,9234.21,9305.40,6280.00295543
2020-02-26,9305.40,9369.99,8627.78,8779.36,11564.19794381
2020-02-27,8778.37,8974.75,8520.00,8816.50,9273.90366360
2020-02-28,8816.50,8900.94,8421.49,8703.84,6546.98122765
2020-02-29,8710.00,8805.06,8525.00,8527.74,2338.06785643
2020-03-01,8525.00,8756.11,8410.00,8528.95,4156.57173933
2020-03-02,8516.00,8980.34,8486.72,8917.34,6186.86088929
2020-03-03,8917.34,8921.80,8660.04,8755.45,4629.97228611
2020-03-04,8755.45,8850.00,8663.76,8753.28,3353.23252230
2020-03-05,8757.79,9169.00,8757.79,9066.65,6448.68567336
2020-03-06,9059.00,9187.85,8990.01,9153.79,4136.42339429
2020-03-07,9154.10,9219.13,8859.49,8893.93,2805.59157140
2020-03-08,8901.12,8901.12,7995.48,8033.70,9068.89040196
2020-03-09,8035.79,8191.13,7636.00,7936.25,12177.39425093
2020-03-10,7937.20,8158.42,7733.99,7885.92,8274.95375730
2020-03-11,7893.63,7988.78,7591.99,7934.57,7289.61145281
2020-03-12,7956.29,7969.90,4776.59,4841.67,58513.38918903
2020-03-13,4841.67,5990.35,3850.00,5622.74,54419.64133553
2020-03-14,5623.16,5663.01,5051.00,5169.37,15370.86814960
2020-03-15,5167.38,5965.77,5092.34,5343.64,16589.30386378
2020-03-16,5353.04,5353.04,4435.89,5033.42,34905.46359769
2020-03-17,5051.41,5569.90,4936.00,5324.99,17517.84242049
2020-03-18,5340.95,5452.43,5006.87,5406.92,22559.23112903
2020-03-19,5413.00,6433.98,5266.38,6181.18,24783.73487365
2020-03-20,6192.94,7139.00,5670.00,6210.14,30082.50248252
2020-03-21,6207.66,6461.91,5866.44,6187.78,11796.72656887
2020-03-22,6199.17,6419.00,5705.00,5813.15,10813.38456907
2020-03-23,5816.57,6629.79,5686.34,6493.51,19053.80456405
2020-03-24,6494.70,6893.00,6400.01,6768.64,19719.09402414
2020-03-25,6768.64,6989.04,6457.17,6692.22,16675.73512097
2020-03-26,6695.47,6798.89,6528.07,6760.72,7393.70723365
2020-03-27,6765.15,6872.67,6210.00,6376.03,10816.28556504
2020-03-28,6376.03,6376.03,6030.51,6253.08,11613.49398164
2020-03-29,6275.11,6278.24,5869.00,5870.90,9298.93905110
2020-03-30,5878.47,6630.00,5856.00,6407.77,14974.44416300
2020-03-31,6408.95,6527.24,6337.42,6421.14,6342.29832651
2020-04-01,6428.74,6710.21,6137.71,6652.07,11319.14793815
2020-04-02,6669.95,7236.39,6575.13,6801.99,17212.82067331
2020-04-03,6789.63,7047.96,6610.00,6742.57,10570.10640235
2020-04-04,6737.36,7014.00,6655.54,6879.61,6018.51563233
2020-04-05,6887.22,6914.01,6678.51,6775.20,3981.97692417
2020-04-06,6780.57,7376.59,6773.75,7352.43,13683.03789416
2020-04-07,7335.85,7469.00,7077.00,7202.73,11669.01426524
2020-04-08,7204.78,7428.95,7152.00,7367.36,8720.21050049
2020-04-09,7370.85,7376.59,7107.38,7293.93,8324.92177270
2020-04-10,7299.12,7306.10,6750.15,6877.03,10727.86685616
2020-04-11,6866.03,6955.59,6771.24,6883.18,3326.67476213
2020-04-12,6882.75,7201.76,6790.74,6908.24,7264.51928043
2020-04-13,6908.21,6914.01,6542.91,6864.22,10837.57453223
2020-04-14,6864.66,6991.00,6766.96,6879.75,7275.68657382
2020-04-15,6868.88,6940.00,6598.55,6619.00,8109.73234254
2020-04-16,6619.00,7224.18,6472.67,7111.67,15726.69637377
2020-04-17,7121.35,7158.22,6995.39,7024.19,8539.61835086
2020-04-18,7020.13,7306.15,7020.13,7262.26,5102.50261952
2020-04-19,7265.94,7276.21,7057.46,7126.40,4662.19209244
2020-04-20,7124.27,7220.00,6757.75,6841.00,11365.00931766
2020-04-21,6833.00,6950.98,6774.48,6854.98,5570.95619043
2020-04-22,6850.60,7171.26,6819.59,7137.79,6273.40631495
2020-04-23,7138.29,7756.69,7031.07,7484.58,14779.54814354
2020-04-24,7494.20,7612.91,7391.57,7505.53,7357.10670681
2020-04-25,7518.81,7723.77,7432.80,7547.56,3800.82773036
2020-04-26,7565.00,7718.00,7485.00,7701.73,5247.54081807
2020-04-27,7708.87,7813.68,7637.03,7786.41,6878.02253788
2020-04-28,7794.22,7798.42,7650.00,7767.79,7248.95596950
2020-04-29,7762.07,8970.00,7717.14,8790.32,26396.09715679
2020-04-30,8789.79,9485.26,8407.00,8627.32,24057.73933525
2020-05-01,8629.72,9075.00,8616.17,8832.44,11379.68574201
2020-05-02,8836.00,9022.00,8760.00,8983.79,5524.26706572
2020-05-03,8982.56,9207.82,8723.78,8915.98,9218.27490900
2020-05-04,8924.14,8974.34,8528.42,8882.87,10018.97499887
2020-05-05,8889.24,9120.00,8760.10,9034.85,9592.13446226
2020-05-06,9040.00,9417.95,8921.03,9154.32,15110.94181329
2020-05-07,9163.63,10074.00,9030.03,10000.00,25012.90031203
2020-05-08,10008.19,10048.38,9725.00,9801.35,19203.48379461
2020-05-09,9809.04,9914.00,9515.40,9546.56,11278.63371513
2020-05-10,9527.31,9565.20,8109.00,8731.17,31639.42874341
2020-05-11,8740.88,9182.97,8181.00,8571.98,34465.18657226
2020-05-12,8574.19,8984.87,8534.97,8825.46,14010.26120550
2020-05-13,8816.99,9418.46,8804.47,9315.50,12762.85161682
2020-05-14,9323.73,9945.34,9254.85,9793.50,19936.18545561
2020-05-15,9809.91,9844.66,9112.00,9306.21,17324.14460144
2020-05-16,9307.43,9590.00,9216.08,9389.07,6170.09609719
2020-05-17,9377.79,9894.88,9326.53,9665.70,9515.79358021
2020-05-18,9672.95,9966.12,9451.20,9721.91,12362.32763823
2020-05-19,9730.00,9903.89,9455.05,9787.65,12149.68534917
2020-05-20,9776.30,9843.87,9100.00,9516.51,12351.42817701
2020-05-21,9505.61,9573.29,8800.00,9062.47,16879.82890788
2020-05-22,9062.25,9272.97,8924.91,9171.96,7261.28419694
2020-05-23,9171.96,9316.12,9084.83,9183.46,3477.27850858
2020-05-24,9183.93,9310.91,8669.00,8718.77,8855.47763284
2020-05-25,8710.12,8984.16,8630.00,8903.56,8919.92378955
2020-05-26,8903.22,9012.00,8690.00,8840.91,5923.00523696
2020-05-27,8835.79,9230.21,8810.99,9210.00,6867.67101935
2020-05-28,9209.99,9625.01,9105.79,9577.38,11523.40889483
2020-05-29,9581.49,9610.00,9330.00,9421.04,7226.77389995
2020-05-30,9428.52,9758.27,9326.28,9705.10,6781.84196225
2020-05-31,9705.10,9711.70,9373.96,9446.19,5697.99838373
2020-06-01,9444.61,10429.26,9416.50,10203.64,12109.14149664
2020-06-02,10203.64,10241.26,9135.68,9525.73,22725.11942099
2020-06-03,9522.52,9699.95,9380.99,9668.99,6928.76322878
2020-06-04,9668.00,9888.00,9430.00,9791.92,8938.76888870
2020-06-05,9791.00,9856.48,9592.74,9619.99,7157.37095675
2020-06-06,9616.17,9744.39,9525.76,9669.85,4047.26924742
2020-06-07,9673.08,9829.31,9356.00,9750.04,6762.65158822
2020-06-08,9759.04,9813.67,9645.00,9783.00,5379.07801648
2020-06-09,9786.64,9897.46,9566.81,9776.84,6922.79788471
2020-06-10,9782.30,10011.40,9578.00,9894.32,7107.20140335
2020-06-11,9894.32,9981.24,9078.91,9264.26,16389.44455357
2020-06-12,9265.95,9555.00,9230.00,9463.07,6934.13533535
2020-06-13,9465.92,9500.00,9345.71,9473.46,2938.68222067
2020-06-14,9478.93,9479.59,9235.01,9329.99,3477.25235863
2020-06-15,9329.99,9505.40,8900.00,9435.15,11765.11353390
2020-06-16,9435.41,9596.31,9374.90,9530.30,6864.21822439
2020-06-17,9530.62,9566.53,9230.32,9461.29,5902.36636044
2020-06-18,9459.82,9478.69,9250.00,9374.78,3997.01284654
2020-06-19,9374.83,9429.99,9225.15,9304.32,5305.90771910
2020-06-20,9287.60,9400.00,9138.00,9355.46,3071.79384829
2020-06-21,9355.93,9421.26,9271.52,9283.03,1435.21189641
2020-06-22,9287.89,9798.76,9267.20,9683.12,6615.64540882
2020-06-23,9688.26,9725.30,9571.00,9622.81,4866.11470545
2020-06-24,9617.88,9666.35,9193.99,9286.06,10072.57541802
2020-06-25,9286.30,9343.49,8989.00,9239.48,8701.24617460
2020-06-26,9237.98,9289.71,9024.61,9158.26,7912.38375487
2020-06-27,9158.13,9189.00,8830.63,9009.30,4399.67602419
2020-06-28,9008.33,9191.72,8933.06,9118.01,3231.85728086
2020-06-29,9118.80,9240.36,9014.92,9188.88,4942.72533003
2020-06-30,9187.85,9201.95,9060.00,9132.96,2781.63125132
2020-07-01,9136.89,9300.00,9089.80,9233.38,4321.56559235
2020-07-02,9230.97,9268.54,8939.00,9092.92,6866.04897352
2020-07-03,9091.68,9127.11,9027.17,9063.08,3510.00353809
2020-07-04,9053.87,9196.00,9045.94,9138.52,2180.37237178
2020-07-05,9142.16,9147.37,8905.00,9076.82,3067.87780852
2020-07-06,9077.18,9376.34,9060.50,9348.22,5361.35284949
2020-07-07,9346.90,9385.81,9201.78,9257.16,4702.82565367
2020-07-08,9257.21,9479.57,9228.91,9437.16,6275.54666358
2020-07-09,9441.76,9448.50,9157.11,9234.90,4575.44853951
2020-07-10,9234.91,9318.92,9053.14,9283.53,3910.32678996
2020-07-11,9291.00,9304.95,9180.00,9238.30,1453.16535935
2020-07-12,9234.07,9347.76,9153.48,9306.17,2037.15363045
2020-07-13,9304.94,9351.17,9190.49,9233.10,3875.17319052
2020-07-14,9234.19,9282.08,9095.00,9251.59,4479.91060569
2020-07-15,9256.33,9276.98,9153.38,9190.07,3810.04841103
2020-07-16,9191.00,9217.50,9026.51,9132.87,5541.85389383
2020-07-17,9134.44,9184.28,9073.53,9156.50,3593.49712953
2020-07-18,9150.51,9214.63,9122.72,9177.43,1358.28531978
2020-07-19,9175.70,9243.36,9106.30,9211.99,1585.39916859
2020-07-20,9213.15,9224.73,9128.21,9162.43,3064.80739401
2020-07-21,9161.77,9442.89,9152.23,9391.25,5559.47430975
2020-07-22,9395.98,9573.00,9280.80,9539.51,5520.76262356
2020-07-23,9537.23,9690.00,9453.38,9617.20,10413.94384743
2020-07-24,9614.85,9650.55,9474.35,9547.91,8012.90509154
2020-07-25,9549.34,9751.82,9532.79,9710.98,5065.44989566
2020-07-26,9712.45,10200.00,9657.00,9944.65,9090.21430682
2020-07-27,9941.25,11417.11,9933.77,11046.19,27736.83221358
2020-07-28,11049.40,11263.85,10583.48,10939.27,17062.37380128
2020-07-29,10931.91,11358.47,10855.81,11111.17,12452.86303565
2020-07-30,11105.01,11189.00,10832.00,11112.12,10456.84804792
2020-07-31,11110.84,11457.95,10973.80,11356.74,10417.50746157
2020-08-01,11357.98,11883.36,11228.00,11817.49,11195.80752332
2020-08-02,11808.21,12100.00,10559.59,11071.66,12656.41102944
2020-08-03,11074.92,11480.00,10933.26,11236.39,6984.67078032
2020-08-04,11236.39,11420.00,11000.79,11192.42,5522.11051757
2020-08-05,11193.48,11795.86,11094.35,11755.24,7514.79142531
2020-08-06,11759.90,11913.50,11575.57,11770.08,9855.99436305
2020-08-07,11770.26,11920.00,11219.00,11600.85,10503.36174678
2020-08-08,11601.75,11817.95,11527.00,11776.90,3983.74888665
2020-08-09,11767.93,11808.28,11527.92,11683.03,2649.48917649
2020-08-10,11684.60,12080.00,11510.00,11895.12,7701.72806914
2020-08-11,11896.37,11945.05,11130.00,11392.64,10470.68807136
2020-08-12,11386.50,11625.00,11150.00,11565.35,5668.60180464
2020-08-13,11567.74,11806.61,11270.91,11793.26,6839.55121466
2020-08-14,11797.55,11862.00,11652.01,11779.77,5526.79649808
2020-08-15,11771.97,11986.93,11667.70,11852.20,3983.17592982
2020-08-16,11858.60,11938.55,11685.97,11914.02,2494.17000289
2020-08-17,11916.83,12473.00,11771.44,12298.38,9778.32856833
2020-08-18,12301.27,12408.53,11823.00,11958.10,8818.18784117
2020-08-19,11950.00,12022.18,11574.40,11757.55,9401.50118445
2020-08-20,11762.18,11894.12,11675.29,11859.37,4191.75792092
2020-08-21,11857.18,11887.67,11485.49,11531.74,6391.17972721
2020-08-22,11527.81,11694.02,11367.00,11667.70,3401.42192253
2020-08-23,11678.17,11715.09,11524.70,11644.65,1632.87091819
2020-08-24,11653.70,11832.55,11588.61,11761.80,2887.05808264
2020-08-25,11750.40,11772.22,11112.75,11328.88,7073.69374623
2020-08-26,11328.50,11549.80,11250.14,11469.30,4273.08016903
2020-08-27,11462.91,11602.92,11122.72,11330.00,7796.15569663
2020-08-28,11332.26,11555.61,11277.95,11536.58,6046.49746388
2020-08-29,11538.74,11592.00,11423.64,11471.71,2095.93600275
2020-08-30,11471.71,11715.69,11458.62,11708.97,2328.65701886
2020-08-31,11713.11,11780.00,11573.39,11655.00,4534.21810201
2020-09-01,11658.48,12065.82,11515.00,11923.96,7960.82238043
2020-09-02,11919.53,11956.45,11155.32,11398.44,13056.07287751
2020-09-03,11395.10,11477.35,9987.86,10160.00,18554.73121203
2020-09-04,10160.00,10646.75,9902.43,10456.32,17415.36005733
2020-09-05,10460.20,10567.90,9850.00,10167.19,12165.47308504
2020-09-06,10165.47,10353.39,10000.00,10260.17,5121.25180431
2020-09-07,10258.43,10415.66,9880.00,10377.14,8725.09203962
2020-09-08,10377.50,10446.18,9825.07,10123.96,10560.87470567
2020-09-09,10126.01,10353.39,9981.38,10232.80,5872.21951240
2020-09-10,10221.76,10495.75,10220.00,10342.59,10223.19117775
2020-09-11,10341.38,10409.44,10200.50,10393.04,5245.74244486
2020-09-12,10400.46,10482.42,10275.00,10443.33,2509.23983418
2020-09-13,10446.40,10576.78,10214.90,10334.78,4325.10556518
2020-09-14,10338.82,10765.03,10250.13,10675.15,7325.23245633
2020-09-15,10671.40,10940.01,10611.17,10783.83,6456.66295267
2020-09-16,10785.00,11100.00,10662.81,10951.54,8300.23983202
2020-09-17,10950.15,11054.00,10739.23,10940.47,5525.71740992
2020-09-18,10947.35,11040.18,10816.54,10931.20,4398.92439287
2020-09-19,10935.49,11183.01,10890.53,11077.22,2253.35153789
2020-09-20,11070.84,11079.25,10755.90,10923.50,3250.01749577
2020-09-21,10921.53,10996.98,10286.56,10411.29,9948.02125053
2020-09-22,10418.83,10573.05,10353.39,10534.31,4800.59855196
2020-09-23,10525.72,10541.39,10138.30,10233.42,5711.36066207
2020-09-24,10236.86,10795.53,10193.20,10744.02,6703.91881646
2020-09-25,10738.46,10762.65,10553.14,10689.81,6346.72379355
2020-09-26,10694.23,10830.00,10655.29,10729.09,2550.31630347
2020-09-27,10731.09,10807.14,10593.58,10780.66,2286.86162473
2020-09-28,10779.99,10950.00,10628.52,10689.48,4991.57062725
2020-09-29,10681.41,10865.00,10636.66,10836.42,4029.39173043
2020-09-30,10840.00,10847.50,10658.56,10778.22,4304.62269490
2020-10-01,10780.83,10940.22,10437.08,10622.71,8678.34728292
2020-10-02,10611.17,10667.53,10380.00,10578.54,8333.45852437
2020-10-03,10571.60,10605.79,10500.00,10553.66,1134.79775814
2020-10-04,10543.17,10699.88,10524.81,10669.63,1057.77530355
2020-10-05,10666.16,10805.82,10620.71,10795.00,3618.01529204
2020-10-06,10797.36,10801.86,10525.00,10606.33,4800.69513633
2020-10-07,10602.31,10682.56,10547.71,10669.14,5560.24913562
2020-10-08,10669.10,10957.00,10535.06,10925.20,6969.04085121
2020-10-09,10927.02,11118.49,10826.40,11052.00,5355.33959365
2020-10-10,11060.46,11496.06,11059.62,11301.20,3270.37027031
2020-10-11,11300.97,11447.44,11272.11,11372.93,2177.65085818
2020-10-12,11372.48,11731.70,11175.99,11535.98,7088.22778528
2020-10-13,11539.42,11567.40,11314.53,11427.98,5097.96082433
2020-10-14,11440.28,11555.10,11287.42,11428.84,3788.25075923
2020-10-15,11430.49,11623.60,11250.01,11511.11,4864.42955616
2020-10-16,11506.53,11548.65,11200.00,11321.86,4309.22448566
2020-10-17,11331.88,11415.48,11264.01,11365.80,1124.42019876
2020-10-18,11363.40,11526.34,11352.79,11519.97,1047.16869132
2020-10-19,11518.58,11840.00,11409.94,11764.14,5459.93398846
2020-10-20,11759.20,12059.94,11680.00,11921.11,5859.83732437
2020-10-21,11921.33,13235.00,11899.10,12802.67,20093.61486293
2020-10-22,12802.63,13208.25,12686.73,12983.26,9277.56218571
2020-10-23,12983.26,13037.26,12729.82,12941.59,4996.39791976
2020-10-24,12940.03,13182.83,12887.38,13122.73,2820.82333324
2020-10-25,13115.18,13363.53,12903.74,13039.09,3658.60280875
2020-10-26,13041.12,13250.00,12773.50,13066.73,5725.19571956
2020-10-27,13065.10,13788.00,13057.09,13647.90,11242.75450774
2020-10-28,13642.31,13864.89,12892.00,13274.73,10670.86461819
2020-10-29,13275.82,13650.00,12993.00,13468.44,8894.95694501
2020-10-30,13456.14,13675.56,13129.26,13562.13,8981.11986042
2020-10-31,13569.42,14100.00,13420.97,13816.08,6337.39292768
2020-11-01,13799.44,13907.47,13629.31,13762.00,2534.08581497
2020-11-02,13762.00,13842.50,13220.00,13563.72,7065.41110933
2020-11-03,13578.82,14083.76,13287.70,14041.58,7225.86635614
2020-11-04,14041.58,14277.50,13520.87,14160.59,10926.32680544
2020-11-05,14168.49,15770.58,14100.00,15605.04,18422.63186045
2020-11-06,15608.32,15968.98,15196.01,15598.09,13479.46706771
2020-11-07,15603.28,15778.60,14351.00,14838.97,10933.92419186
2020-11-08,14829.32,15664.90,14727.19,15489.15,5046.49916395
2020-11-09,15484.68,15854.48,14824.66,15332.04,14466.07953692
2020-11-10,15349.32,15482.76,15092.47,15313.65,8966.48171393
2020-11-11,15314.94,15991.01,15290.85,15707.89,10013.26427187
2020-11-12,15702.00,16369.99,15481.00,16300.00,16261.47118864
2020-11-13,16300.00,16494.52,15970.33,16335.58,7843.22421583
2020-11-14,16339.06,16341.89,15715.10,16086.34,5046.32670498
2020-11-15,16092.80,16170.00,15786.46,15975.49,3225.70533016
2020-11-16,15975.49,16894.93,15875.50,16724.62,7511.71484029
2020-11-17,16727.85,17868.00,16570.00,17680.63,9824.73852957
2020-11-18,17681.77,18483.00,17041.47,17785.95,15717.92072069
2020-11-19,17792.96,18189.97,17346.62,17825.47,10506.69646215
2020-11-20,17822.37,18824.88,17755.81,18687.65,10020.01351326
2020-11-21,18685.08,18977.00,18333.45,18725.00,5937.50536305
2020-11-22,18726.43,18770.55,17600.00,18435.20,6417.21771734
2020-11-23,18432.60,18786.31,18001.95,18383.35,9412.08722183
2020-11-24,18386.92,19442.13,18068.56,19160.85,13262.83116668
2020-11-25,19175.13,19490.00,18470.91,18732.43,8962.62225501
2020-11-26,18727.24,18911.04,16218.00,17160.09,21424.98655676
2020-11-27,17168.31,17471.89,16435.47,17154.39,8964.83242941
2020-11-28,17160.38,17896.03,16875.01,17741.79,4471.52202455
2020-11-29,17724.41,18352.47,17534.87,18192.03,3736.15917940
2020-11-30,18196.75,19864.15,18196.75,19700.19,10612.67092499
2020-12-01,19703.53,19918.01,18100.00,18771.43,11799.58943351
2020-12-02,18773.21,19346.90,18334.00,19226.55,6749.36401948
2020-12-03,19220.09,19621.00,18881.62,19448.40,6196.52507218
2020-12-04,19439.94,19552.50,18573.89,18673.76,6261.69674357
2020-12-05,18650.08,19185.17,18500.00,19162.16,2376.72322359
2020-12-06,19162.17,19418.39,18870.62,19380.58,2503.45426290
2020-12-07,19385.13,19431.00,18905.00,19173.50,4323.27044132
2020-12-08,19183.13,19300.55,18163.52,18316.43,5979.96623279
2020-12-09,18311.31,18654.92,17640.33,18556.64,8906.94524733
2020-12-10,18546.38,18562.13,17908.00,18250.30,6784.45549144
2020-12-11,18250.30,18290.43,17569.58,18040.02,6687.92267389
2020-12-12,18031.23,18956.46,18022.55,18815.63,3515.32704607
2020-12-13,18806.83,19416.64,18628.10,19162.36,4251.96121032
2020-12-14,19151.82,19346.90,18979.21,19274.33,3618.37690457
2020-12-15,19274.33,19567.84,19050.00,19434.87,6750.77219425
2020-12-16,19434.55,21576.76,19277.66,21365.70,14974.62184371
2020-12-17,21358.96,23777.00,21244.04,22814.24,22626.69253048
2020-12-18,22829.89,23284.68,22360.93,23136.14,11360.33890442
2020-12-19,23142.05,24217.38,22719.78,23842.99,8672.03769610
2020-12-20,23842.38,24298.04,23092.77,23470.85,5095.96264009
2020-12-21,23470.85,24123.83,21864.86,22732.01,12675.12801873
2020-12-22,22750.07,23843.21,22383.59,23835.10,9367.60948339
2020-12-23,23819.08,24096.90,22624.92,23247.71,11541.96937133
2020-12-24,23215.00,23779.14,22700.10,23726.28,7185.48205493
2020-12-25,23747.22,24777.00,23403.82,24705.15,6469.22897257
2020-12-26,24714.01,26809.50,24485.32,26466.28,7491.46184626
2020-12-27,26472.89,28377.94,25770.00,26259.60,13234.33412894
2020-12-28,26242.82,27473.49,26079.60,27037.91,7987.77761059
2020-12-29,27037.90,27395.00,25831.85,27370.00,9577.27829174
2020-12-30,27370.00,29010.32,27328.37,28881.30,11741.73338120
2020-12-31,28893.21,29300.00,27930.75,28992.79,9477.67661813
2021-01-01,28999.63,29700.00,28720.00,29402.64,8781.46555456
2021-01-02,29410.77,33333.00,29050.00,32216.53,17867.87889850
2021-01-03,32216.51,34800.00,31977.45,33097.83,14160.58128010
2021-01-04,33068.83,33669.76,27734.00,32005.88,22446.94000548
2021-01-05,32054.23,34500.00,29936.26,34039.05,14806.49650719
2021-01-06,34081.24,37050.83,33348.27,36849.94,19219.28788972
2021-01-07,36875.96,40402.46,36327.50,39510.49,23102.26120863
2021-01-08,39510.59,42000.00,36618.36,40667.07,22183.95174233
2021-01-09,40682.76,41422.77,38788.16,40239.06,8535.84731272
2021-01-10,40239.06,41450.00,34322.07,38173.73,16218.99740520
2021-01-11,38164.88,38261.39,30261.13,35455.58,40786.96425433
2021-01-12,35449.71,36639.23,32479.91,34035.02,18267.87445007
2021-01-13,34035.02,37800.00,32327.76,37393.49,13662.38751261
2021-01-14,37393.49,40112.78,36717.23,39134.35,10923.50473340
2021-01-15,39147.98,39694.00,34380.00,36756.57,13499.11727006
2021-01-16,36778.66,37944.12,35350.00,36000.00,7688.58269814
2021-01-17,36013.51,36839.00,33833.55,35819.25,6821.71255949
2021-01-18,35826.36,37449.86,34777.85,36616.95,6251.21454140
2021-01-19,36665.82,37874.71,35888.00,35917.62,6578.85825052
2021-01-20,35888.13,36440.10,33400.00,35496.91,12160.46753333
2021-01-21,35516.17,35620.96,30044.16,30818.18,21214.64125810
2021-01-22,30817.86,33864.85,28800.00,32992.06,17019.58345080
2021-01-23,32989.10,33468.46,31426.11,32117.49,5255.74586786
2021-01-24,32098.38,33075.75,30960.77,32288.83,4658.70962563
2021-01-25,32289.06,34888.00,31939.12,32261.22,10038.75547087
2021-01-26,32264.15,32953.28,30847.40,32504.53,11554.91101117
2021-01-27,32521.65,32580.12,29150.49,30424.62,22403.70666206
2021-01-28,30427.34,33870.58,29899.99,33484.87,17879.35697563
2021-01-29,33488.66,38620.00,31990.00,34249.64,31439.61903418
2021-01-30,34265.71,34931.39,32860.00,34323.00,7281.28566632
2021-01-31,34300.19,34380.21,32193.70,33141.38,4750.12315608
2021-02-01,33110.32,34736.10,32333.01,33532.74,8374.05662032
2021-02-02,33497.16,36008.67,33431.67,35522.16,7225.86501969
2021-02-03,35496.91,37732.87,35382.45,37691.63,8777.33287657
2021-02-04,37693.00,38748.52,36197.65,36996.32,11762.80234811
2021-02-05,36984.28,38359.69,36618.36,38320.00,5211.97488137
2021-02-06,38320.00,41025.48,38230.81,39282.10,8635.66020711
2021-02-07,39274.80,39727.44,37412.93,38858.39,5973.24016085
2021-02-08,38870.36,46712.12,38050.97,46416.45,19053.71343569
2021-02-09,46445.51,48216.09,45000.00,46505.20,12505.08248337
2021-02-10,46493.90,47364.09,43746.06,44854.63,9483.32895640
2021-02-11,44854.63,48696.84,44040.96,47981.48,9390.81635484
2021-02-12,48044.88,49000.00,46231.16,47395.84,5970.13590277
2021-02-13,47424.25,48220.00,46133.00,47228.48,4271.67215148
2021-02-14,47258.66,49714.66,47081.02,48662.50,5201.69392560
2021-02-15,48620.48,49048.82,45914.75,47942.57,6924.33408866
2021-02-16,47954.05,50602.53,47036.02,49166.53,8376.07608814
2021-02-17,49136.70,52640.00,48896.19,52174.28,9571.64796874
2021-02-18,52141.23,52566.98,50869.61,51579.54,6330.14291878
2021-02-19,51560.46,56399.99,50627.32,55988.58,9229.78250415
2021-02-20,56000.59,57553.81,54000.00,55936.04,5187.25046252
2021-02-21,55919.75,58354.14,55537.99,57492.91,3562.96950963
2021-02-22,57485.74,57564.19,47400.00,54173.65,17002.83273081
2021-02-23,54173.64,54196.58,44845.72,48887.93,17766.39814895
2021-02-24,48927.33,51459.51,47000.00,49754.00,8774.36674339
2021-02-25,49715.13,52079.16,46723.00,47088.58,7920.69294708
2021-02-26,47070.18,48476.62,44151.97,46314.83,8126.22740854
2021-02-27,46324.15,48365.31,45050.00,46109.98,3071.56836645
2021-02-28,46142.10,46659.88,43021.00,45240.96,6668.91811403
2021-03-01,45261.56,49831.52,45020.25,49629.33,8512.75943780
2021-03-02,49641.89,50250.00,47069.52,48516.35,4945.78880692
2021-03-03,48438.00,52652.82,48168.45,50379.68,6151.48715250
2021-03-04,50376.05,51817.54,47500.00,48360.50,5641.61213573
2021-03-05,48353.09,49471.24,46294.00,48739.21,5219.24690875
2021-03-06,48774.67,49200.00,47082.29,48904.63,2141.06029528
2021-03-07,48933.12,51477.53,48933.12,50967.30,2818.44991057
2021-03-08,50952.55,52427.80,49316.98,52427.80,4419.56113432
2021-03-09,52427.80,54939.26,51857.00,54929.02,5428.89224399
2021-03-10,54927.29,57402.89,53010.00,55852.29,6916.27818124
2021-03-11,55918.09,58155.99,54269.00,57772.09,6640.48776529
2021-03-12,57847.92,58098.50,55011.00,57271.04,5232.31057076
2021-03-13,57297.67,61781.83,56080.96,61165.19,6187.83400169
2021-03-14,61177.03,61700.00,58959.57,59016.39,3274.12215493
2021-03-15,58956.90,60595.13,54555.00,55644.37,7725.21404982
2021-03-16,55616.42,56950.00,53221.00,56908.34,7733.22669474
2021-03-17,56928.38,58968.80,54124.00,58901.80,5840.07702599
2021-03-18,58939.73,60083.25,57000.00,57648.05,5516.46389423
2021-03-19,57648.01,59450.95,56279.34,58072.00,3523.48233151
2021-03-20,58029.94,59957.00,57815.61,58138.39,2382.94564802
2021-03-21,58072.87,58632.52,55500.00,57381.79,3628.79780904
2021-03-22,57410.54,58461.78,53715.00,54070.92,6566.96696309
2021-03-23,54117.71,55866.44,52933.03,54361.57,4996.46365198
2021-03-24,54360.07,57207.33,51638.76,52287.52,6867.56433680
2021-03-25,52281.77,53271.59,50360.00,51326.11,6682.61740401
2021-03-26,51292.65,55114.86,51263.38,55081.37,4874.25111496
2021-03-27,55081.26,56686.15,53948.35,55839.42,2609.96757961
2021-03-28,55817.85,56573.04,54677.51,55790.92,2073.44919140
2021-03-29,55790.28,58402.68,54892.42,57600.10,5360.42566319
2021-03-30,57623.66,59388.66,57011.00,58760.59,3392.33861916
2021-03-31,58767.75,59816.17,56713.45,58782.58,4595.25252072
2021-04-01,58789.96,59490.00,57935.42,58728.53,2786.58091029
2021-04-02,58744.00,60103.04,58450.00,59003.60,2564.60002070
2021-04-03,58967.61,59801.39,56922.00,57064.42,1663.26835296
2021-04-04,57064.13,58501.00,56466.25,58212.18,1440.63181986
2021-04-05,58213.69,59280.00,56800.00,59125.00,2402.43713513
2021-04-06,59135.36,59473.90,57216.00,58018.30,2711.39784733
2021-04-07,58024.90,58668.00,55441.93,55932.83,5454.57661606
2021-04-08,55912.38,58145.49,55680.40,58096.60,4586.80685854
2021-04-09,58066.18,58890.25,57657.43,58109.56,2660.64809651
2021-04-10,58129.02,61222.22,57870.00,59766.93,3917.95081704
2021-04-11,59773.19,60679.00,59165.15,59979.26,1822.72044967
2021-04-12,59972.26,61234.56,59361.11,59831.66,3707.43645474
2021-04-13,59814.87,63769.00,59780.00,63564.48,5711.52676941
2021-04-14,63605.69,64895.22,61327.00,62986.09,6002.89354304
2021-04-15,62954.20,63855.37,61998.90,63239.19,3433.44934498
2021-04-16,63247.24,63580.40,60042.04,61436.24,5778.81668659
2021-04-17,61436.23,62596.48,59676.67,60032.29,3091.48365756
2021-04-18,60048.82,60433.81,51541.16,56280.60,12869.85937399
2021-04-19,56260.83,57633.00,54252.88,55694.55,5791.23906226
2021-04-20,55694.55,57119.00,53400.00,56503.19,5863.88283884
2021-04-21,56493.02,56850.00,53628.79,53806.24,4578.25708723
2021-04-22,53823.48,55491.80,50450.01,51683.95,7838.95634691
2021-04-23,51693.98,52131.34,47555.00,51176.65,11649.31918465
2021-04-24,51177.77,51227.38,48713.34,50118.94,3445.13658315
2021-04-25,50126.34,50608.94,47004.20,49128.43,4167.43570798
2021-04-26,49122.75,54404.78,48823.01,54073.41,6046.79682802
2021-04-27,54015.32,55519.37,53325.75,55091.39,4111.12521596
2021-04-28,55094.73,56500.00,53811.49,54901.97,4542.50992013
2021-04-29,54898.45,55239.33,52379.90,53593.97,4172.67670698
2021-04-30,53585.93,58008.00,53087.15,57775.27,4809.18204712
2021-05-01,57790.66,58549.00,57049.63,57851.91,2248.55545142
2021-05-02,57893.01,57967.01,56064.51,56622.66,1887.08427188
2021-05-03,56599.91,59000.00,56500.00,57222.37,3636.51735676
2021-05-04,57227.64,57250.85,53080.69,53236.84,5747.19401914
2021-05-05,53221.75,57976.62,52924.50,57509.93,5504.55788108
2021-05-06,57517.08,58420.83,55283.00,56447.39,5144.23317131
2021-05-07,56425.82,58743.85,55288.11,57381.73,4234.70954424
2021-05-08,57371.02,59564.24,56977.50,58984.75,2928.99345356
2021-05-09,58964.89,59300.62,56256.00,58305.24,2589.62561937
2021-05-10,58336.16,59603.00,53500.00,55880.72,6589.42714030
2021-05-11,55854.43,56972.33,54500.00,56763.70,4203.16906929
2021-05-12,56763.70,58021.26,48530.00,49386.56,6367.35410217
2021-05-13,49419.44,51420.72,45700.00,49694.96,9096.38363317
2021-05-14,49711.64,51572.00,48875.69,49880.43,4011.08190380
2021-05-15,49883.89,50710.93,46448.53,46708.89,3613.92837843
2021-05-16,46753.40,49800.00,43769.40,46444.75,5750.08326356
2021-05-17,46446.42,46648.50,42100.00,43593.39,12262.72268102
2021-05-18,43581.27,45872.05,42023.69,42877.75,6275.91387222
2021-05-19,42900.85,43601.63,30066.00,36780.43,32468.86397019
2021-05-20,36793.39,43000.00,35000.00,40640.90,14703.03041947
2021-05-21,40566.13,42297.89,33520.00,37335.16,13106.84060164
2021-05-22,37318.43,38887.99,35260.00,37500.54,5720.00562166
2021-05-23,37474.34,38311.74,31107.46,34706.79,9376.29208573
2021-05-24,34735.35,39960.00,34426.21,38839.86,10213.18324641
2021-05-25,38848.36,40000.00,36486.85,38397.72,5765.34726030
2021-05-26,38385.87,40904.00,37859.74,39309.56,4205.61283515
2021-05-27,39299.46,40429.47,37212.90,38503.47,4113.43820958
2021-05-28,38578.50,38905.12,34710.23,35692.46,6167.02059154
2021-05-29,35691.36,37348.01,33650.00,34632.08,4457.16762006
2021-05-30,34644.09,36516.99,33425.00,35677.72,2979.71977699
2021-05-31,35675.30,37540.96,34195.20,37341.41,4383.79233382
2021-06-01,37279.89,37927.44,35699.98,36693.30,4348.75448360
2021-06-02,36693.30,38256.30,35933.19,37589.36,4270.10341121
2021-06-03,37585.12,39490.00,37176.06,39219.88,4058.94293164
2021-06-04,39242.94,39277.36,35576.67,36887.32,5786.18608707
2021-06-05,36851.58,37927.93,34849.65,35532.14,4106.34880652
2021-06-06,35532.59,36510.58,35250.00,35808.85,2526.73361997
2021-06-07,35810.69,36808.30,33321.09,33582.62,4913.04022502
2021-06-08,33567.51,34085.61,31025.00,33411.69,9044.64846998
2021-06-09,33413.19,37556.25,32423.72,37400.00,8539.58734220
2021-06-10,37414.64,38446.24,35824.69,36707.54,5761.72488740
2021-06-11,36724.97,37680.65,35958.49,37341.11,3741.23051559
2021-06-12,37338.91,37445.55,34630.00,35542.76,3727.95235350
2021-06-13,35563.66,39386.43,34783.90,39013.76,3601.91766642
2021-06-14,39035.52,41050.00,38758.40,40532.79,6281.28059699
2021-06-15,40544.19,41341.57,39526.47,40171.47,4078.80197440
2021-06-16,40166.93,40506.59,38095.41,38353.99,4008.51296381
2021-06-17,38361.38,39553.05,37350.00,38097.68,3569.25261640
2021-06-18,38110.25,38208.68,35143.68,35840.00,4240.40486721
2021-06-19,35849.18,36440.00,34718.21,35507.06,3129.33472247
2021-06-20,35494.70,36125.00,33337.00,35589.77,3958.11811992
2021-06-21,35598.66,35763.80,31238.69,31634.16,8580.06222043
2021-06-22,31628.83,33315.85,28600.00,32545.26,9778.51694548
2021-06-23,32547.57,35000.00,31670.89,33652.28,5855.58129399
2021-06-24,33693.99,35289.00,32314.37,34649.32,4725.82718452
2021-06-25,34652.68,35517.22,31271.02,31597.75,5099.26353351
2021-06-26,31595.95,32714.46,30082.79,32269.38,3300.16005776
2021-06-27,32293.98,34772.94,32015.82,34699.50,3260.56534452
2021-06-28,34716.02,35357.13,33878.23,34487.11,3369.99371686
2021-06-29,34494.42,36623.79,34240.00,35907.93,3179.50783988
2021-06-30,35900.05,36099.82,34049.36,35037.23,3381.04539530
2021-07-01,35059.71,35071.34,32700.88,33564.21,3118.76325902
2021-07-02,33537.11,33981.51,32700.05,33811.56,2086.83881625
2021-07-03,33810.46,34959.72,33333.10,34688.30,1244.49692391
2021-07-04,34672.08,35960.00,34404.29,35289.21,1204.00371528
2021-07-05,35255.00,35258.70,33143.00,33704.21,2254.35340918
2021-07-06,33730.76,35100.49,33510.58,34244.09,2386.50511711
2021-07-07,34231.95,35059.02,33800.00,33882.47,1540.04244824
2021-07-08,33858.33,33943.02,32101.00,32898.79,2945.85492495
2021-07-09,32892.94,34115.44,32285.73,33826.43,1636.57507041
2021-07-10,33830.73,34261.04,33014.21,33517.60,1442.42483187
2021-07-11,33521.48,34635.82,33335.49,34258.53,1635.01765874
2021-07-12,34266.84,34677.00,32660.00,33105.00,1879.53733471
2021-07-13,33091.53,33340.00,32190.00,32728.00,1870.57403303
2021-07-14,32737.56,33111.72,31589.35,32823.55,2753.09806091
2021-07-15,32818.68,33179.00,31121.57,31848.65,2470.21303625
2021-07-16,31885.70,32264.53,31012.93,31388.17,1912.46866725
2021-07-17,31376.30,31950.00,31176.66,31529.68,1550.07201059
2021-07-18,31509.33,32440.98,31100.00,31776.65,1256.54606075
2021-07-19,31794.49,31881.71,30400.00,30829.29,2506.27744084
2021-07-20,30822.08,31068.62,29296.39,29786.58,3413.24206454
2021-07-21,29792.99,32875.42,29500.00,32138.45,4842.16399723
2021-07-22,32115.82,32609.83,31703.15,32300.88,2392.46948134
2021-07-23,32306.98,33684.17,32000.00,33684.17,1976.38421775
2021-07-24,33685.00,34534.32,33419.31,34301.78,1440.46627864
2021-07-25,34301.86,35448.97,33874.03,35428.28,2063.49425027
2021-07-26,35438.93,40581.30,35282.70,37291.24,8840.39875048
2021-07-27,37271.44,39539.50,36386.19,39475.41,5896.66715588
2021-07-28,39446.94,40927.53,38786.80,40036.32,3943.47800378
2021-07-29,40024.80,40662.80,39239.95,40037.51,2306.03838571
2021-07-30,40045.21,42335.50,38331.37,42234.89,3651.71579023
2021-07-31,42236.72,42411.32,41007.51,41490.13,1507.86822076
2021-08-01,41489.16,42614.85,39424.27,39839.00,2042.01706796
2021-08-02,39875.20,40459.31,38687.62,39165.55,2407.96526999
2021-08-03,39157.52,39792.83,37639.00,38177.07,3279.64493738
2021-08-04,38173.75,39973.94,37481.00,39741.12,4080.83535873
2021-08-05,39742.77,41401.96,37300.00,40894.67,5804.40706860
2021-08-06,40893.77,43381.00,39879.47,42856.59,2937.38483944
2021-08-07,42857.09,44763.14,42251.00,44612.94,4886.93838098
2021-08-08,44624.40,45355.00,43298.84,43858.42,3647.13062980
2021-08-09,43836.05,46529.02,42811.26,46292.89,4961.58828106
2021-08-10,46282.30,46759.00,44643.00,45609.70,2390.08850832
2021-08-11,45596.21,46787.60,45353.02,45539.85,2606.12636675
2021-08-12,45536.80,46236.70,43800.02,44444.45,2463.50628392
2021-08-13,44413.35,47929.18,44253.97,47860.58,2934.74203072
2021-08-14,47855.00,48190.00,46000.00,47119.73,1908.95141153
2021-08-15,47130.97,47424.00,45500.27,47028.30,1726.79562797
2021-08-16,47024.96,48075.22,45654.14,45930.51,2410.15099528
2021-08-17,45930.48,47183.37,44417.51,44694.35,3286.27326450
2021-08-18,44631.47,46041.62,44218.73,44721.13,2247.93415783
2021-08-19,44734.16,47114.99,43935.54,46764.30,2776.23768490
2021-08-20,46759.29,49436.10,46645.77,49356.00,2815.55159523
2021-08-21,49332.31,49833.02,48300.00,48884.34,1768.24156609
2021-08-22,48883.84,49540.01,48080.17,49301.86,985.76533304
2021-08-23,49296.71,50562.11,49010.00,49561.37,2419.86814706
2021-08-24,49516.08,49893.50,47593.66,47731.33,2217.80305724
2021-08-25,47670.80,49273.93,47100.00,49011.75,1902.72053396
2021-08-26,49022.39,49387.60,46309.33,46856.29,2091.10982610
2021-08-27,46857.86,49187.00,46363.00,49100.49,1943.55725598
2021-08-28,49100.49,49325.00,48244.88,48935.36,692.70588551
2021-08-29,48947.10,49666.00,47798.29,48808.72,1044.48189034
2021-08-30,48782.56,48915.29,46855.41,47003.44,1676.48255108
2021-08-31,46969.05,48270.33,46699.00,47156.09,2239.16770320
2021-09-01,47118.02,49134.00,46532.42,48853.49,2194.63007880
2021-09-02,48830.93,50390.00,48625.00,49274.79,2267.93197524
2021-09-03,49284.93,51050.00,48351.60,50025.04,2226.78294854
2021-09-04,50033.50,50570.94,49388.26,49943.16,869.28839285
2021-09-05,49965.32,51900.00,49500.00,51809.28,986.48708300
2021-09-06,51809.28,52810.00,51024.32,52708.20,2057.32862241
2021-09-07,52719.43,52956.47,42900.01,46866.82,6811.92218815
2021-09-08,46894.30,47386.72,44436.93,46091.94,3309.09834404
2021-09-09,46070.43,47419.95,45550.00,46392.81,2595.98696952
2021-09-10,46368.11,47029.08,44125.00,44857.38,2392.57110617
2021-09-11,44858.20,45993.32,44767.75,45176.66,906.80620376
2021-09-12,45162.96,46491.63,44752.96,46035.00,1015.76215832
2021-09-13,46039.42,46895.82,43400.00,44974.34,2308.42207379
2021-09-14,44983.77,47273.38,44704.18,47103.18,1643.95662405
2021-09-15,47123.81,48465.77,46702.26,48150.94,1307.24871087
2021-09-16,48188.12,48505.00,47035.00,47760.64,1886.04173385
2021-09-17,47773.44,48179.00,46712.14,47305.18,1558.52317573
2021-09-18,47316.21,48834.00,47052.90,48326.74,1452.50623073
2021-09-19,48307.05,48389.52,46860.00,47245.25,999.59599085
2021-09-20,47257.86,47334.54,42453.97,43035.99,4240.48541968
2021-09-21,43003.07,43643.34,39573.21,40596.54,5961.58790269
2021-09-22,40702.07,44031.85,40580.18,43589.53,3040.94514066
2021-09-23,43586.00,45013.17,43105.00,44903.50,2317.75578384
2021-09-24,44893.70,45159.90,40693.27,42848.50,4348.92828394
2021-09-25,42835.88,43010.69,41689.60,42722.19,879.19677382
2021-09-26,42699.10,43956.38,40808.00,43204.73,1659.78466242
2021-09-27,43162.82,44377.70,42130.00,42189.81,1936.64957217
2021-09-28,42154.87,42778.93,40888.00,41049.00,2246.85357977
2021-09-29,41024.21,42595.93,40750.00,41542.90,1804.77808474
2021-09-30,41537.56,44117.74,41427.87,43834.43,2614.50420927
2021-10-01,43835.47,48500.00,43291.07,48171.86,3446.87226506
2021-10-02,48185.61,48361.83,47468.15,47685.80,1361.84402667
2021-10-03,47644.63,49225.55,47119.87,48235.93,1164.60296870
2021-10-04,48231.04,49530.53,46900.00,49242.14,2737.78053315
2021-10-05,49283.89,51914.68,49075.00,51501.19,2206.59644303
2021-10-06,51521.89,55800.00,50428.64,55345.79,4441.90271751
2021-10-07,55360.10,55360.32,53289.57,53787.60,2349.70121453
2021-10-08,53816.16,56168.00,53623.02,53957.21,2217.75513685
2021-10-09,53952.82,55512.05,53674.69,54976.92,1061.02324334
2021-10-10,54984.49,56561.00,51000.00,54714.95,1735.42193508
2021-10-11,54657.00,57855.79,54462.45,57485.20,1955.78560334
2021-10-12,57490.00,57701.00,53909.00,55995.49,3224.83970306
2021-10-13,56004.61,57773.89,54231.00,57374.55,3359.69683046
2021-10-14,57395.84,58550.00,56830.56,57371.58,1879.45401231
2021-10-15,57370.48,62944.94,56877.00,61657.35,4205.42307030
2021-10-16,61703.45,62352.00,60100.27,60870.26,1263.44800176
2021-10-17,60885.27,61712.00,58933.00,61538.97,1261.12996084
2021-10-18,61519.52,62679.00,59013.00,62034.65,5754.55184160
2021-10-19,62014.99,64499.00,61350.00,64241.61,3253.73979225
2021-10-20,64282.20,67016.50,63529.00,65990.31,3070.68430005
2021-10-21,66027.81,66664.10,61850.00,62219.44,3891.52853281
2021-10-22,62207.51,63757.28,59953.74,60702.68,3159.42528548
2021-10-23,60698.54,61737.38,59633.61,61338.76,1056.07965827
2021-10-24,61306.64,61497.33,59510.00,60910.16,1204.84773547
2021-10-25,60883.96,63733.93,60670.00,63101.43,1730.14621615
2021-10-26,63101.43,63299.30,59830.00,60328.22,1965.54522515
2021-10-27,60331.40,61489.00,58100.01,58465.90,3479.73809611
2021-10-28,58471.06,62524.00,56425.00,60592.76,3769.75506439
2021-10-29,60608.95,62971.54,60154.53,62301.59,3884.64236172
2021-10-30,62278.92,62376.32,60660.02,61932.30,1542.31917477
2021-10-31,61904.96,62438.85,60000.00,61359.44,1548.12901591
2021-11-01,61356.57,62500.00,59500.00,60922.85,2507.39797107
2021-11-02,60949.78,64300.00,60669.91,63260.00,3336.52681752
2021-11-03,63260.00,63567.21,60018.46,62930.72,2148.47086339
2021-11-04,62945.38,63136.82,60725.00,61457.25,1507.54272229
2021-11-05,61430.02,62666.52,60769.17,61031.91,1569.40792218
2021-11-06,61008.19,61609.50,60109.91,61542.44,1268.51181970
2021-11-07,61542.43,63300.00,61396.57,63300.00,1115.66885061
2021-11-08,63300.00,67803.55,63300.00,67559.00,2715.42386367
2021-11-09,67547.49,68564.40,66250.00,66945.72,2136.85836086
2021-11-10,66928.42,69000.00,62856.71,64921.43,3419.11869317
2021-11-11,64919.18,65625.44,64140.00,64821.33,1583.28379977
2021-11-12,64783.13,65497.53,62294.84,64158.41,2519.30730563
2021-11-13,64140.23,64980.00,63400.00,64417.52,830.13101807
2021-11-14,64403.43,65509.87,63595.76,65509.87,1247.88451724
2021-11-15,65509.87,66387.40,63348.91,63606.09,2000.82362240
2021-11-16,63621.61,63628.00,58563.00,60142.31,4632.77331708
2021-11-17,60115.12,60888.50,58400.00,60373.65,3716.81055911
2021-11-18,60376.94,60978.39,56516.44,56917.66,6160.70975752
2021-11-19,56924.94,58402.05,55640.00,58128.55,3277.02585927
2021-11-20,58126.46,59896.54,57424.27,59768.54,1172.15930996
2021-11-21,59785.85,60090.55,58525.84,58678.47,895.67509480
2021-11-22,58679.27,59516.78,55628.57,56294.11,2943.16337271
2021-11-23,56283.80,57897.54,55128.60,57579.99,2732.08480061
2021-11-24,57583.91,57750.20,55894.62,57185.06,1809.45432912
2021-11-25,57169.19,59445.45,57044.42,58990.14,1362.17480499
2021-11-26,59004.88,59207.36,53524.03,53789.35,5221.84056738
2021-11-27,53794.32,55382.00,53653.45,54774.66,1360.56586778
2021-11-28,54764.24,57482.42,53308.93,57338.55,1377.55454862
2021-11-29,57327.32,58931.07,56750.00,57845.12,2069.73496900
2021-11-30,57843.33,59250.00,55918.80,56974.12,3562.71762735
2021-12-01,57027.28,59099.64,56469.22,57251.59,2515.54071956
2021-12-02,57232.71,57413.52,55839.85,56547.96,2758.14469791
2021-12-03,56534.26,57652.00,51556.01,53743.69,2964.76818531
2021-12-04,53685.47,53877.77,41967.50,49234.97,10025.68966854
2021-12-05,49240.81,49777.62,47836.34,49463.22,5156.66613697
2021-12-06,49484.00,50986.00,47111.00,50555.00,4652.11767659
2021-12-07,50550.09,51991.00,50062.13,50627.32,1719.31761862
2021-12-08,50635.87,51249.41,48656.20,50543.30,1598.43571319
2021-12-09,50535.15,50839.01,47332.43,47593.12,2585.43270776
2021-12-10,47573.43,50132.88,46886.00,47142.42,2705.17070403
2021-12-11,47179.53,49539.40,46789.00,49400.54,1323.03955982
2021-12-12,49420.51,50800.00,48675.00,50124.38,1233.78838616
2021-12-13,50102.31,50226.20,45750.00,46725.02,3337.44792896
2021-12-14,46736.70,48689.30,46310.40,48389.96,2016.58981458
2021-12-15,48386.95,49514.85,46560.00,48876.84,2593.35180959
2021-12-16,48876.84,49449.00,47506.21,47663.42,1456.25725801
2021-12-17,47654.99,48018.52,45478.74,46210.92,2077.28024679
2021-12-18,46141.63,47370.14,45501.00,46881.87,827.39374258
2021-12-19,46854.18,48307.34,46450.00,46704.67,1275.49937089
2021-12-20,46671.66,47547.50,45572.94,46915.00,1726.01603262
2021-12-21,46926.72,49353.49,46667.08,48929.86,1674.16446918
2021-12-22,48907.75,49600.00,48449.87,48618.99,1306.16574192
2021-12-23,48618.99,51386.66,48051.10,50850.00,1715.35802664
2021-12-24,50850.00,51864.56,50442.34,50841.48,1446.08883091
2021-12-25,50857.42,51179.36,50190.90,50442.22,823.04872916
2021-12-26,50421.51,51292.65,49458.85,50791.21,1015.22197466
2021-12-27,50885.32,52098.60,50479.44,50718.11,1102.98343745
2021-12-28,50708.05,50719.59,47300.00,47543.30,2215.26863352
2021-12-29,47597.70,48157.41,46099.94,46483.36,2089.30815829
2021-12-30,46474.59,47916.32,45934.37,47150.71,2162.27044303
2021-12-31,47110.30,48589.47,45655.31,46214.37,1798.55260406
2022-01-01,46230.00,47960.98,46199.90,47777.42,741.52060313
2022-01-02,47745.25,47989.00,46660.00,47350.22,702.09475540
2022-01-03,47290.55,47586.58,45692.13,46439.89,1140.17908832
2022-01-04,46464.01,47526.00,45539.05,45820.00,1832.61283694
2022-01-05,45828.77,46855.06,42413.59,43435.80,3397.54577759
2022-01-06,43417.31,43782.86,42414.00,43097.60,2450.11309350
2022-01-07,43093.40,43135.35,40600.00,41535.66,2984.20586087
2022-01-08,41576.73,42315.31,40517.05,41690.77,1581.47361959
2022-01-09,41697.32,42796.49,41200.00,41875.81,1532.58823403
2022-01-10,41853.98,42256.55,39558.70,41845.42,3494.01378649
2022-01-11,41842.22,43144.74,41284.11,42736.00,2442.65415081
2022-01-12,42754.44,44337.26,42471.17,43933.50,2502.76210107
2022-01-13,43935.01,44456.34,42321.00,42571.94,1993.88324273
2022-01-14,42579.44,43468.95,41782.21,43102.35,1386.83275834
2022-01-15,43085.76,43826.80,42387.86,43102.01,707.65852297
2022-01-16,43084.77,43495.59,42615.00,43107.70,621.95302734
2022-01-17,43099.08,43209.47,41581.00,42255.07,1060.00938797
2022-01-18,42230.09,42685.25,41290.06,42377.40,1638.87085963
2022-01-19,42378.23,42589.90,41145.23,41683.21,1664.70405269
2022-01-20,41733.21,43518.69,40554.14,40736.05,2425.15260695
2022-01-21,40654.72,41115.58,35423.00,36495.46,6201.04610092
2022-01-22,36447.37,36825.98,34000.00,35091.11,4510.37218636
2022-01-23,35084.79,36574.47,34624.59,36293.62,2533.70397599
2022-01-24,36262.21,38050.00,32950.72,36724.99,6335.15428027
2022-01-25,36721.59,37552.30,35722.43,36975.91,2793.69107911
2022-01-26,37006.76,38946.00,36279.21,36829.32,3663.15557069
2022-01-27,36824.02,37251.00,35511.32,37208.36,3103.82301099
2022-01-28,37179.62,38022.11,36173.98,37748.36,2420.65410706
2022-01-29,37713.14,38741.67,37327.79,38192.65,1296.90892268
2022-01-30,38176.45,38378.88,37372.59,37941.82,708.79481272
2022-01-31,37914.10,38776.33,36631.66,38491.92,2009.13000337
2022-02-01,38483.56,39285.00,38033.78,38733.04,2073.93871710
2022-02-02,38768.08,38883.96,36618.36,36923.50,1672.70719509
2022-02-03,36924.50,37391.74,36264.55,37320.11,1624.39014671
2022-02-04,37330.75,41760.39,37064.28,41579.57,3901.59890405
2022-02-05,41608.82,41983.12,40975.00,41427.72,1892.23797403
2022-02-06,41422.70,42701.86,41141.81,42420.24,854.67571444
2022-02-07,42420.24,44524.18,41682.11,43869.04,2601.46944039
2022-02-08,43895.60,45501.00,42701.19,44091.56,2591.80146351
2022-02-09,44106.95,44865.72,43164.00,44426.84,1625.88352507
2022-02-10,44426.24,45850.00,43209.07,43524.60,2692.62339808
2022-02-11,43540.15,43969.72,41983.12,42406.19,2170.37239741
2022-02-12,42392.22,43034.00,41740.06,42241.11,892.34533043
2022-02-13,42232.68,42779.60,41882.54,42077.74,515.45574228
2022-02-14,42078.53,42871.68,41575.00,42540.30,1270.88651697
2022-02-15,42567.27,44785.66,42469.96,44582.48,1772.92325828
2022-02-16,44590.75,44590.75,43312.83,43901.48,1251.83359420
2022-02-17,43901.49,44204.78,40088.88,40556.11,2437.49036088
2022-02-18,40532.66,40996.31,39450.00,39996.99,2212.71492010
2022-02-19,40008.75,40471.27,39587.08,40109.02,695.65429600
2022-02-20,40108.62,40151.62,37974.18,38373.90,1283.51154740
2022-02-21,38384.09,39494.11,36810.72,37076.60,3501.42036418
2022-02-22,37036.98,38463.88,36368.99,38269.94,2388.75903515
2022-02-23,38269.94,39303.24,37060.16,37274.18,1778.27525833
2022-02-24,37253.26,39720.00,34324.05,38376.88,6302.85095659
2022-02-25,38360.93,39727.97,38027.61,39231.64,2202.85182731
2022-02-26,39242.64,40330.99,38600.00,39146.66,912.72408690
2022-02-27,39146.66,39886.92,37015.74,37712.68,1701.81704307
2022-02-28,37717.10,44256.08,37468.99,43178.98,3160.61807044
2022-03-01,43221.71,44981.22,42847.85,44443.96,2831.29722228
2022-03-02,44443.98,45332.38,43350.00,43936.72,2043.55683949
2022-03-03,43936.73,44118.53,41832.34,42476.26,2253.43076958
2022-03-04,42476.25,42540.57,38590.95,39175.56,2493.65743037
2022-03-05,39170.19,39620.30,38600.30,39416.79,806.91142871
2022-03-06,39390.31,39701.00,38100.00,38438.89,1194.37373381
2022-03-07,38404.97,39557.26,37169.52,38016.47,1949.69691981
2022-03-08,38002.23,39377.00,37885.05,38753.65,1864.90461382
2022-03-09,38761.13,42591.68,38667.65,41960.02,1980.29362461
2022-03-10,41952.13,42053.95,38545.19,39444.45,2506.23482676
2022-03-11,39433.48,40237.22,38244.76,38729.79,2063.22335158
2022-03-12,38729.79,39458.58,38653.89,38822.02,962.85566586
2022-03-13,38798.68,39312.50,37595.62,37790.54,737.88013225
2022-03-14,37763.37,39913.42,37567.19,39665.71,1439.76768221
2022-03-15,39688.55,39896.13,38142.35,39302.70,1638.68402951
2022-03-16,39302.80,41693.97,38865.67,41142.76,5987.10388902
2022-03-17,41142.76,41497.24,40449.06,40963.22,1657.76165332
2022-03-18,40963.22,42362.00,40068.88,41794.37,2125.12318171
2022-03-19,41781.96,42405.01,41553.88,42235.31,976.88885105
2022-03-20,42240.43,42324.06,40930.20,41242.14,1061.35307364
2022-03-21,41293.19,41588.70,40516.86,41043.14,1779.49806583
2022-03-22,41018.36,43337.41,40901.13,42393.41,2375.42465350
2022-03-23,42393.62,43021.73,41779.11,42925.41,1906.72354645
2022-03-24,42912.21,44240.00,42636.54,44025.99,2173.30497451
2022-03-25,44025.99,45137.12,43616.88,44320.60,1725.07156990
2022-03-26,44340.49,44815.31,44101.00,44535.65,494.72420210
2022-03-27,44553.24,46950.00,44456.90,46864.39,1548.88890527
2022-03-28,46854.96,48234.00,46672.25,47152.38,2691.93784761
2022-03-29,47152.38,48128.87,46941.84,47459.03,1716.32392308
2022-03-30,47459.03,47721.41,46572.15,47068.08,1627.54321756
2022-03-31,47086.07,47624.18,45234.00,45517.27,1372.96510736
2022-04-01,45522.53,46739.81,44244.00,46307.81,1953.21952857
2022-04-02,46306.38,47218.17,45650.00,45820.28,724.30875007
2022-04-03,45820.28,47458.48,45565.64,46401.57,1063.62873240
2022-04-04,46414.88,46891.17,45124.79,46598.20,1496.64154125
2022-04-05,46514.43,47201.00,45342.33,45502.73,1127.69043708
2022-04-06,45512.95,45548.77,43086.80,43191.59,3073.55689716
2022-04-07,43172.83,43896.45,42741.52,43454.53,1381.67737796
2022-04-08,43467.82,43986.09,42120.00,42290.11,1453.74466100
2022-04-09,42258.22,42807.63,42131.51,42767.89,525.17354399
2022-04-10,42774.85,43450.72,41888.88,42133.85,862.61310467
2022-04-11,42159.45,42415.57,39218.15,39524.86,2288.47921183
2022-04-12,39545.37,40691.01,39273.65,40097.46,2111.92057359
2022-04-13,40099.51,41557.61,39584.86,41147.74,1563.48448746
2022-04-14,41159.29,41504.29,39582.53,39961.53,1169.49381805
2022-04-15,39962.60,40869.99,39788.97,40563.18,752.39943803
2022-04-16,40576.41,40701.00,40014.79,40395.67,365.72624783
2022-04-17,40379.81,40602.69,39565.68,39691.27,485.00371860
2022-04-18,39660.62,41101.00,38547.12,40814.60,2421.08185584
2022-04-19,40814.60,41754.05,40578.58,41505.77,1457.11081239
2022-04-20,41476.89,42220.04,40893.21,41375.85,1359.54131303
2022-04-21,41378.77,42978.95,39770.00,40470.76,2163.31405365
2022-04-22,40497.00,40808.66,39197.64,39726.03,2136.99977120
2022-04-23,39700.55,39983.98,39301.00,39421.59,398.24448783
2022-04-24,39438.51,39944.65,38987.00,39467.40,663.70417243
2022-04-25,39464.67,40602.85,38202.91,40441.11,2220.04402771
2022-04-26,40452.52,40800.00,37701.00,38137.67,2909.72251989
2022-04-27,38105.68,39494.73,37885.75,39256.05,1769.00930667
2022-04-28,39254.40,40387.00,38880.44,39754.20,1842.00508443
2022-04-29,39753.28,39923.61,38174.27,38593.42,1600.89916681
2022-04-30,38599.30,38786.95,37597.36,37639.80,728.27961992
2022-05-01,37638.78,38672.20,37400.00,38488.34,1248.04269032
2022-05-02,38484.46,39153.13,38045.79,38521.01,1434.10079893
2022-05-03,38506.38,38641.57,37515.83,37729.95,1157.92207652
2022-05-04,37735.35,40050.19,37665.46,39685.23,2297.27213438
2022-05-05,39685.23,39840.37,35579.40,36533.93,3736.73012912
2022-05-06,36542.41,36648.20,35268.69,36019.22,2594.53333069
2022-05-07,36019.15,36123.99,34777.85,35463.46,1224.39699253
2022-05-08,35465.46,35496.55,33710.16,34025.50,2670.39981616
2022-05-09,34051.20,34224.35,30015.00,30082.00,7631.12166167
2022-05-10,30066.48,32650.00,29731.03,30999.97,7402.30231296
2022-05-11,31002.27,32148.15,27757.77,29000.00,11180.84883589
2022-05-12,28999.99,30090.70,25401.05,28896.19,16578.81059900
2022-05-13,28932.69,30974.60,28686.37,29238.81,6010.27363922
2022-05-14,29239.41,30281.49,28561.23,30033.96,2910.99216303
2022-05-15,30041.16,31411.48,29440.71,31295.03,2085.06630084
2022-05-16,31275.27,31275.27,29060.00,29832.45,3112.79429009
2022-05-17,29847.53,30753.96,29400.00,30425.36,2143.92566327
2022-05-18,30423.90,30670.00,28615.23,28681.26,2318.15544994
2022-05-19,28681.15,30505.14,28656.46,30290.33,2516.77484526
2022-05-20,30271.22,30725.56,28690.13,29176.70,2337.17319044
2022-05-21,29176.70,29621.01,28914.70,29421.05,490.42738451
2022-05-22,29400.34,30457.58,29209.03,30264.66,1318.89417974
2022-05-23,30264.66,30628.00,28839.29,29081.76,2158.65047198
2022-05-24,29081.76,29810.38,28632.40,29632.15,1490.23613231
2022-05-25,29626.53,30189.70,29313.78,29510.15,1563.30877003
2022-05-26,29511.95,29853.34,28003.00,29183.06,2835.00522362
2022-05-27,29183.39,29360.34,28253.57,28589.48,2109.94198208
2022-05-28,28606.08,29231.90,28498.73,29010.82,721.54694670
2022-05-29,29010.82,29561.04,28814.46,29448.94,909.19180016
2022-05-30,29454.69,32195.68,29276.15,31731.22,3257.54873650
2022-05-31,31677.13,32375.81,31181.26,31762.76,1621.62249868
2022-06-01,31777.06,31962.79,29309.84,29787.40,2629.80184718
2022-06-02,29791.96,30688.82,29568.13,30437.18,1226.29074296
2022-06-03,30437.77,30670.07,29232.99,29669.39,1151.14514737
2022-06-04,29688.17,29948.84,29444.21,29853.51,472.40386055
2022-06-05,29834.06,30153.18,29514.96,29888.98,563.06294053
2022-06-06,29905.46,31737.31,29868.16,31351.21,2494.10424691
2022-06-07,31351.10,31536.11,29184.25,31115.82,3672.30493412
2022-06-08,31108.30,31310.53,29831.85,30185.58,1909.67240307
2022-06-09,30190.31,30672.56,29920.56,30089.03,953.92926451
2022-06-10,30068.53,30333.81,28832.83,29065.66,2545.34126907
2022-06-11,29065.66,29403.62,28085.75,28390.94,1587.19524670
2022-06-12,28397.38,28523.06,26500.00,26585.10,2588.83347441
2022-06-13,26538.63,26845.63,21910.26,22450.43,12621.88318574
2022-06-14,22407.53,23288.88,20816.35,22097.30,8576.80050998
2022-06-15,22077.83,22756.00,20079.72,22555.27,13481.53959307
2022-06-16,22563.82,22957.01,20200.00,20382.88,4889.12430380
2022-06-17,20387.66,21325.06,20220.16,20440.70,3615.09731757
2022-06-18,20428.19,20758.00,17592.78,18956.80,7958.38532206
2022-06-19,18952.14,20783.48,17930.70,20552.82,5100.88311828
2022-06-20,20557.20,21036.89,19616.10,20555.44,5112.85052521
2022-06-21,20555.44,21708.76,20332.07,20712.29,3543.16812013
2022-06-22,20710.01,20863.44,19743.99,19963.68,4210.49538322
2022-06-23,19977.24,21204.14,19869.63,21093.42,2677.89902823
2022-06-24,21102.75,21538.40,20713.77,21215.42,2444.77217091
2022-06-25,21229.66,21586.67,20890.00,21486.80,1196.38466227
2022-06-26,21486.67,21868.00,20968.85,21028.69,1437.60709463
2022-06-27,21029.19,21516.85,20491.28,20699.72,1648.58803237
2022-06-28,20722.27,21178.73,20176.00,20261.34,2048.68451940
2022-06-29,20253.88,20398.99,19827.00,20093.18,1605.32356204
2022-06-30,20098.00,20131.06,18595.60,19924.89,4907.84854025
2022-07-01,19960.61,20895.08,18944.69,19239.47,4424.08855864
2022-07-02,19263.41,19425.08,18960.00,19228.25,1478.97411836
2022-07-03,19232.76,19616.43,18763.96,19294.46,1438.93649433
2022-07-04,19296.88,20319.88,19032.44,20209.53,2016.08200690
2022-07-05,20209.02,20720.00,19281.82,20168.63,2882.22647228
2022-07-06,20164.65,20648.76,19750.16,20547.45,2093.38193195
2022-07-07,20546.29,21847.25,20237.58,21643.56,3422.57159508
2022-07-08,21620.85,22401.00,21164.07,21584.14,3352.94753796
2022-07-09,21592.69,21955.18,21311.36,21588.35,865.38701575
2022-07-10,21581.98,21593.73,20629.99,20856.08,1398.91806277
2022-07-11,20851.14,20858.75,19869.00,19949.71,1381.03847332
2022-07-12,19948.55,20036.24,19237.42,19321.14,1738.03082444
2022-07-13,19337.91,20367.88,18905.55,20232.35,3196.86413812
2022-07-14,20225.24,20880.00,19608.47,20577.23,2574.75885317
2022-07-15,20569.17,21186.35,20368.70,20835.39,1581.83012930
2022-07-16,20823.70,21577.00,20472.68,21195.49,1740.63926769
2022-07-17,21198.34,21664.52,20751.08,20801.85,1497.20354125
2022-07-18,20786.76,22760.04,20757.29,22435.04,4288.35687434
2022-07-19,22439.63,23800.00,21578.45,23405.02,4682.35297064
2022-07-20,23392.04,24280.30,22893.95,23208.53,4052.68459237
2022-07-21,23217.00,23430.33,22340.34,23163.34,2267.47408756
2022-07-22,23166.09,23760.87,22512.42,22682.26,2025.58385843
2022-07-23,22696.19,23005.68,21944.47,22468.69,1010.85783614
2022-07-24,22468.70,23006.77,22272.23,22595.81,681.19673676
2022-07-25,22589.47,22673.68,21250.00,21306.56,2128.78016831
2022-07-26,21314.26,21344.09,20700.13,21259.78,1965.57798404
2022-07-27,21266.14,23112.90,21047.70,22969.04,2976.18882906
2022-07-28,22972.22,24198.95,22600.00,23853.11,3463.79018298
2022-07-29,23856.91,24445.00,23438.50,23785.31,2536.49166787
2022-07-30,23777.85,24676.00,23523.29,23644.58,1739.57494563
2022-07-31,23652.53,24190.09,23241.00,23322.53,1624.15172546
2022-08-01,23287.38,23511.50,22861.00,23282.92,1310.17180502
2022-08-02,23291.67,23468.33,22665.98,23001.52,1441.50641868
2022-08-03,22997.07,23642.14,22686.12,22835.88,1306.29502305
2022-08-04,22830.37,23228.77,22400,22615.24,1537.96629545
2022-08-05,22630.14,23478,22587.94,23326.4,2070.35989801
2022-08-06,23326.5,23354.54,22919.76,22956.61,672.14529689
2022-08-07,22946,23411.55,22855.14,23187.62,691.38337380
2022-08-08,23177.72,24246.06,23169.64,23821.68,1845.04091771
2022-08-09,23811.29,23927.44,22880.22,23164.78,1206.11169091
2022-08-10,23151.68,24228,22668.57,23964,2251.38844100
2022-08-11,23961,24921,23867,23959,1964.20432050
2022-08-12,23957,24459,23615,24407,1258.79271631
2022-08-13,24421,24900,24301,24456,891.42169723
2022-08-14,24459,25053,24161,24320,1360.86975366
2022-08-15,24324,25212,23782,24110,1764.96054871
2022-08-16,24103,24250,23673,23867,761.78640254
2022-08-17,23866,24448,23176,23340,1814.51630224
2022-08-18,23348,23593,23103,23201,888.93580166
2022-08-19,23192,23202,20785,20841,3558.42097480
2022-08-20,20840,21368,20769,21146,1475.27766281
2022-08-21,21150,21778,21070,21514,1070.76255950
2022-08-22,21517,21530,20901,21411,1428.98968096
2022-08-23,21404,21672,20899,21520,1237.15547461
2022-08-24,21523,21892,21142,21372,1825.65585841
2022-08-25,21364,21813,21319,21571,1134.96366241
2022-08-26,21550,21870,20119,20250,3482.09137780
2022-08-27,20242,20376,19766,20045,1322.83765891
2022-08-28,20044,20159,19526,19557,883.35771116
2022-08-29,19571,20415,19557,20302,1226.53390450
2022-08-30,20300,20575,19552,19819,2061.62816733
2022-08-31,19836,20490,19822,20059,2271.16555773
2022-09-01,20049,20202,19573,20128,1841.61890225
2022-09-02,20133,20440,19762,19959,1704.54970941
2022-09-03,19950,20053,19667,19840,454.45221631
2022-09-04,19840,20025,19586,20007,468.46460815
2022-09-05,20014,20051,19634,19794,975.96352852
2022-09-06,19799,20181,18669,18789,3216.97354596
2022-09-07,18808,19456,18540,19276,1946.27402334
2022-09-08,19301,19454,19023,19322,1759.19295086
2022-09-09,19327,21610,19303,21371,4009.32373236
2022-09-10,21371,21814,21125,21672,1355.39296702
2022-09-11,21663,21871,21360,21835,844.39459098
2022-09-12,21836,22485,21565,22401,2496.98699671
2022-09-13,22396,22781,19862,20177,3927.08003147
2022-09-14,20175,20526,19623,20233,2793.90630535
2022-09-15,20226,20432,19500,19691,2531.57116280
2022-09-16,19704,19887,19330,19802,2514.42684614
2022-09-17,19802,20187,19757,20114,947.27782708
2022-09-18,20116,20116,19343,19419,1609.63965374
2022-09-19,19418,19679,18271,19538,3418.21694020
2022-09-20,19535,19634,18717,18878,2544.25288865
2022-09-21,18877,19902,18157,18466,5332.93776764
2022-09-22,18458,19541,18368,19403,2607.04175970
2022-09-23,19411,19491,18533,19294,2593.18338023
2022-09-24,19291,19309,18817,18921,922.02394143
2022-09-25,18919,19182,18636,18810,979.44306377
2022-09-26,18809,19313,18690,19226,3167.38799752
2022-09-27,19233,20381,18822,19075,4423.71693902
2022-09-28,19085,19770,18461,19413,3817.64021997
2022-09-29,19413,19630,18852,19592,1812.62118977
2022-09-30,19593,20171,19152,19425,2413.78432301
2022-10-01,19419,19484,19174,19312,378.60698732
2022-10-02,19306,19395,18931,19051,518.03380521
2022-10-03,19060,19715,18975,19636,1109.13176723
2022-10-04,19633,20469,19497,20343,2455.54289220
2022-10-05,20343,20366,19735,20162,1789.84892196
2022-10-06,20161,20447,19864,19951,1438.88952495
2022-10-07,19960,20056,19335,19532,1290.58016407
2022-10-08,19533,19624,19259,19420,517.31876324
2022-10-09,19421,19604,19324,19445,707.27451611
2022-10-10,19436,19525,19029,19131,1052.98301829
2022-10-11,19131,19265,18853,19059,1332.93245318
2022-10-12,19061,19229,18967,19157,870.27070879
2022-10-13,19156,19504,18183,19377,2920.78208384
2022-10-14,19374,19947,19083,19181,1313.80111372
2022-10-15,19184,19229,18990,19066,331.43098278
2022-10-16,19072,19425,19067,19264,417.01160964
2022-10-17,19262,19672,19160,19547,1141.62350258
2022-10-18,19547,19700,19099,19334,1524.52635389
2022-10-19,19329,19356,19078,19126,1302.59535401
2022-10-20,19128,19340,18913,19043,1491.66449329
2022-10-21,19043,19245,18660,19165,1923.43991085
2022-10-22,19166,19250,19118,19206,455.42088912
2022-10-23,19208,19689,19079,19574,1195.62013587
2022-10-24,19576,19588,19169,19332,1155.86348440
2022-10-25,19332,20418,19222,20087,2804.51314609
2022-10-26,20096,21012,20062,20775,2711.06904662
2022-10-27,20771,20872,20210,20296,1669.88399576
2022-10-28,20295,20750,20008,20599,1827.61380674
2022-10-29,20596,21078,20566,20821,1213.18946622
2022-10-30,20820,20931,20525,20628,679.83876303
2022-10-31,20631,20833,20243,20498,1880.02456732
2022-11-01,20493,20681,20334,20480,1276.69180973
2022-11-02,20480,20802,20055,20154,2292.08236192
2022-11-03,20152,20387,20039,20209,1004.11893277
2022-11-04,20209,21290,20184,21153,3501.47535754
2022-11-05,21152,21473,21089,21301,774.12522007
2022-11-06,21299,21364,20899,20907,551.95849001
2022-11-07,20899,21070,20400,20590,1417.99563473
2022-11-08,20591,20669,17114,18550,12035.90178845
2022-11-09,18546,18588,15632,15877,8350.56544560
2022-11-10,15900,18150,15748,17551,8375.25692463
2022-11-11,17548,17645,16394,17007,5636.75561159
2022-11-12,17020,17054,16610,16788,1882.26415655
2022-11-13,16788,17240,16263,16310,2703.91194662
2022-11-14,16300,17130,15784,16589,7964.34006887
2022-11-15,16586,17095,16511,16874,5633.39934780
2022-11-16,16875,16980,16371,16654,4035.80042365
2022-11-17,16655,16724,16412,16686,2458.66689134
2022-11-18,16687,16971,16540,16683,2673.28041964
2022-11-19,16683,16799,16548,16690,1377.39639710
2022-11-20,16687,16730,16169,16256,1827.05676561
2022-11-21,16250,16269,15479,15766,5633.48780213
2022-11-22,15757,16281,15613,16197,3718.55455894
2022-11-23,16199,16647,16150,16603,3505.29313128
2022-11-24,16594,16783,16456,16591,2141.48446170
2022-11-25,16589,16604,16339,16508,2043.43507991
2022-11-26,16511,16685,16387,16454,1503.64131011
2022-11-27,16451,16587,16402,16424,1189.79470656
2022-11-28,16420,16477,16004,16210,3254.70177817
2022-11-29,16205,16529,16102,16434,2310.87079583
2022-11-30,16437,17223,16430,17170,4442.42726142
2022-12-01,17166,17250,16864,16977,3207.29094124
2022-12-02,16976,17102,16800,17095,2329.03284999
2022-12-03,17095,17150,16868,16886,1177.01264514
2022-12-04,16893,17195,16890,17114,1603.55160130
2022-12-05,17113,17418,16879,16968,2251.51957602
2022-12-06,16968,17101,16914,17087,1303.37122474
2022-12-07,17091,17131,16736,16836,1185.39328287
2022-12-08,16838,17296,16734,17229,1724.69349744
2022-12-09,17229,17353,17073,17128,1226.70564841
2022-12-10,17129,17223,17100,17128,677.74180701
2022-12-11,17128,17264,17080,17091,1239.35778560
2022-12-12,17089,17240,16881,17209,1695.05652530
2022-12-13,17214,18106,17093,17772,3838.86501115
2022-12-14,17771,18373,17667,17803,3836.86554644
2022-12-15,17806,17853,17288,17362,1887.37172156
2022-12-16,17361,17525,16572,16633,2853.96835966
2022-12-17,16635,16794,16596,16781,1114.37024438
2022-12-18,16780,16850,16676,16749,695.99091766
2022-12-19,16744,16815,16293,16446,2157.44154575
2022-12-20,16441,17046,16402,16898,2115.97889225
2022-12-21,16899,16919,16719,16824,1618.76729861
2022-12-22,16823,16863,16570,16821,1946.30526969
2022-12-23,16821,16916,16750,16779,2138.44668760
2022-12-24,16779,16848,16779,16839,960.32660970
2022-12-25,16839,16850,16731,16828,717.96557265
2022-12-26,16828,16933,16801,16917,731.85697007
2022-12-27,16920,16961,16588,16700,2204.70406525
2022-12-28,16699,16772,16465,16540,2220.78816676
2022-12-29,16540,16650,16486,16628,1560.43976985
2022-12-30,16628,16650,16337,16603,2223.64394181
2022-12-31,16602,16627,16471,16528,602.43437164
2023-01-01,16530,16622,16496,16615,473.83273801
2023-01-02,16615,16782,16552,16673,1046.72743680
2023-01-03,16668,16766,16605,16670,1388.07196613
2023-01-04,16673,16984,16652,16849,2038.03012252
2023-01-05,16847,16871,16755,16826,1131.61941681
2023-01-06,16826,17024,16669,16950,1738.57975267
2023-01-07,16951,16975,16907,16945,523.75442441
2023-01-08,16946,17163,16915,17119,816.57209307
2023-01-09,17124,17393,17108,17179,2213.34824624
2023-01-10,17177,17490,17147,17446,1354.43514717
2023-01-11,17448,17992,17318,17930,1904.45231601
2023-01-12,17948,19114,17911,18853,5124.55845338
2023-01-13,18852,19991,18720,19931,3765.27425920
2023-01-14,19936,21247,19895,20960,6843.48563958
2023-01-15,20961,21052,20549,20885,1352.72025796
2023-01-16,20879,21456,20634,21189,3236.95717404
2023-01-17,21186,21594,20863,21134,2302.39736137
2023-01-18,21136,21646,20358,20670,3794.75671744
2023-01-19,20678,21185,20654,21086,2391.67069084
2023-01-20,21085,22750,20869,22678,2937.14734339
2023-01-21,22670,23362,22442,22783,3013.23007247
2023-01-22,22791,23076,22314,22717,1548.97073883
2023-01-23,22708,23167,22525,22922,1699.03647700
2023-01-24,22922,23162,22473,22637,1953.73212508
2023-01-25,22636,23815,22334,23054,2582.12043347
2023-01-26,23063,23282,22866,23010,1472.74474346
2023-01-27,23011,23500,22541,23083,2086.70647505
2023-01-28,23082,23187,22894,23033,834.35222550
2023-01-29,23031,23954,22981,23746,1620.98279529
2023-01-30,23748,23799,22504,22831,2081.82272658
2023-01-31,22831,23318,22724,23127,1557.98459142
2023-02-01,23134,23810,22768,23735,2468.52240577
2023-02-02,23736,24258,23377,23498,2609.58252721
2023-02-03,23503,23719,23212,23434,1742.07112849
2023-02-04,23421,23582,23266,23330,778.73091268
2023-02-05,23328,23428,22766,22937,1525.50154971
2023-02-06,22942,23148,22643,22763,1731.60284453
2023-02-07,22761,23338,22751,23252,2758.47564405
2023-02-08,23246,23439,22686,22961,1236.37140064
2023-02-09,22965,23003,21700,21802,2260.78508530
2023-02-10,21803,21939,21454,21639,1503.99323818
2023-02-11,21631,21904,21610,21868,699.37255295
2023-02-12,21868,22086,21649,21789,1481.78576998
2023-02-13,21790,21897,21376,21790,1923.03740841
2023-02-14,21790,22316,21569,22211,2032.44280719
2023-02-15,22208,24374,22064,24332,2316.23830307
2023-02-16,24332,25270,23520,23521,3634.80024930
2023-02-17,23518,25014,23369,24580,3328.63120407
2023-02-18,24577,24869,24450,24640,721.18871725
2023-02-19,24638,25183,24211,24296,1717.15816149
2023-02-20,24271,25118,23862,24843,1828.53775073
2023-02-21,24843,25250,24165,24450,2506.05738181
2023-02-22,24450,24474,23594,24188,1951.95970979
2023-02-23,24188,24590,23636,23939,2000.28221308
2023-02-24,23939,24124,22865,23189,2782.78873072
2023-02-25,23186,23215,22770,23161,863.37221739
2023-02-26,23166,23678,23068,23562,1019.20088770
2023-02-27,23560,23890,23126,23493,1768.12573577
2023-02-28,23497,23594,23048,23136,1185.70463735
2023-03-01,23146,23990,23040,23634,1748.04686969
2023-03-02,23632,23791,23206,23466,1090.90317933
2023-03-03,23469,23477,22000,22359,2878.02219561
2023-03-04,22359,22401,22170,22347,608.34767678
2023-03-05,22347,22652,22212,22428,944.66432972
2023-03-06,22427,22590,22263,22407,1156.23472957
2023-03-07,22414,22547,21931,22200,1837.72234137
2023-03-08,22197,22275,21590,21704,1477.18402948
2023-03-09,21697,21824,20043,20367,3373.14910671
2023-03-10,20368,20368,19569,20220,4695.23685366
2023-03-11,20226,20874,19893,20618,3590.95407524
2023-03-12,20615,22269,20456,22183,3599.49467653
2023-03-13,22190,24618,21900,24209,6738.26574302
2023-03-14,24210,26533,24070,24750,7966.02323163
2023-03-15,24745,25273,23940,24368,4368.44571382
2023-03-16,24361,25217,24229,25050,2430.85019301
2023-03-17,25051,27818,24954,27466,5166.28277037
2023-03-18,27466,27776,26707,26980,2933.79686267
2023-03-19,26992,28474,26900,28054,2615.71251826
2023-03-20,28081,28567,27231,27815,3998.09358215
2023-03-21,27808,28497,27436,28192,2955.11628597
2023-03-22,28184,28936,26688,27320,5024.21040571
2023-03-23,27320,28818,27187,28343,3199.65451220
2023-03-24,28352,29380,27043,27493,2789.44951461
2023-03-25,27497,27810,27210,27499,963.83840741
2023-03-26,27493,28217,27453,28004,1100.20331067
2023-03-27,27992,28051,26541,27142,2258.96393636
2023-03-28,27142,27514,26647,27272,2137.04196923
2023-03-29,27272,28650,27258,28353,2161.81292594
2023-03-30,28353,29170,27706,28039,2912.72588690
2023-03-31,28036,28653,27533,28476,2301.18236248
2023-04-01,28476,28816,28237,28469,656.33679146
2023-04-02,28469,28544,27891,28186,689.98223995
2023-04-03,28179,28506,27236,27816,2393.22622900
2023-04-04,27820,28447,27686,28178,1294.59736105
2023-04-05,28179,28782,27823,28183,1576.30733991
2023-04-06,28181,28199,27723,28051,1064.88009436
2023-04-07,28054,28118,27797,27931,436.47964010
2023-04-08,27931,28174,27891,27969,417.76313910
2023-04-09,27968,28544,27833,28340,718.54765779
2023-04-10,28353,29789,28184,29652,2711.67320655
2023-04-11,29657,30575,29617,30246,2689.40489510
2023-04-12,30255,30503,29689,29903,1926.94195052
2023-04-13,29914,30614,29889,30410,1503.93427177
2023-04-14,30411,31035,30001,30498,2540.14059427
2023-04-15,30498,30620,30249,30332,560.64010658
2023-04-16,30327,30567,30157,30330,656.81163772
2023-04-17,30328,30337,29247,29448,2077.00292863
2023-04-18,29452,30483,29122,30395,1827.46761436
2023-04-19,30388,30423,28603,28827,3869.09654939
2023-04-20,28814,29098,28005,28238,2450.06329929
2023-04-21,28240,28362,27140,27254,2455.89969552
2023-04-22,27253,27883,27137,27817,1010.44737158
2023-04-23,27820,27820,27347,27596,798.04552773
2023-04-24,27594,27998,26981,27512,2236.65500868
2023-04-25,27515,28392,27197,28300,1874.16625132
2023-04-26,28306,30022,27242,28428,5277.18704400
2023-04-27,28427,29887,28389,29485,3748.60576512
2023-04-28,29486,29600,28922,29333,2449.07497740
2023-04-29,29339,29460,29061,29247,932.47961185
2023-04-30,29252,29961,29115,29235,1415.25506091
2023-05-01,29254,29344,27666,28079,2913.86283351
2023-05-02,28079,28894,27876,28680,1935.55649138
2023-05-03,28682,29276,28138,29033,2838.45231646
2023-05-04,29043,29378,28691,28851,1656.27922902
2023-05-05,28860,29701,28832,29547,1923.16974421
2023-05-06,29537,29851,28422,28911,1443.17174676
2023-05-07,28909,29194,28444,28472,1021.45715582
2023-05-08,28485,28667,27290,27690,2936.79913382
2023-05-09,27688,27841,27372,27650,1573.53076474
2023-05-10,27648,28328,26842,27618,2848.94252300
2023-05-11,27624,27640,26720,26991,2126.87109348
2023-05-12,26987,27093,25800,26811,4842.98246111
2023-05-13,26816,27052,26710,26789,1269.30464643
2023-05-14,26805,27202,26598,26933,1325.63421938
2023-05-15,26933,27666,26736,27166,1805.12956433
2023-05-16,27166,27300,26868,27037,1730.33763378
2023-05-17,27037,27488,26550,27404,2653.36761994
2023-05-18,27413,27481,26374,26818,1987.57678586
2023-05-19,26824,27176,26651,26893,1277.23274821
2023-05-20,26889,27153,26840,27115,603.01939692
2023-05-21,27123,27277,26688,26750,654.14743859
2023-05-22,26753,27078,26547,26856,1111.87388791
2023-05-23,26854,27478,26810,27226,1174.41963411
2023-05-24,27225,27225,26076,26325,2214.54386081
2023-05-25,26325,26611,25878,26478,1646.82583790
2023-05-26,26486,26937,26338,26718,1666.10237235
2023-05-27,26716,26893,26566,26872,636.46388614
2023-05-28,26875,28248,26785,28072,1665.64922634
2023-05-29,28071,28452,27542,27749,1684.67833372
2023-05-30,27748,28054,27570,27706,1567.55117507
2023-05-31,27701,27840,26857,27219,1863.47625267
2023-06-01,27220,27356,26625,26826,2004.35720265
2023-06-02,26821,27300,26519,27251,1671.43445600
2023-06-03,27250,27332,26937,27076,772.42193183
2023-06-04,27072,27451,26963,27125,789.89956410
2023-06-05,27114,27138,25389,25739,3837.59032264
2023-06-06,25730,27357,25350,27236,3965.21160442
2023-06-07,27252,27388,26140,26348,2996.80495663
2023-06-08,26347,26809,26225,26510,1530.42554212
2023-06-09,26507,26778,26289,26484,1059.79847008
2023-06-10,26486,26528,25420,25857,3074.54228424
2023-06-11,25857,26209,25657,25941,1020.99238041
2023-06-12,25940,26103,25634,25906,1761.02544893
2023-06-13,25906,26422,25718,25934,1895.96796692
2023-06-14,25935,26078,24819,25127,2747.12869314
2023-06-15,25125,25729,24756,25573,2880.44240822
2023-06-16,25567,26485,25188,26333,2556.84039324
2023-06-17,26333,26785,26173,26507,1155.48522656
2023-06-18,26513,26685,26267,26340,1005.71439822
2023-06-19,26336,27050,26260,26842,1828.96524085
2023-06-20,26840,28441,26651,28315,3123.51386312
2023-06-21,28316,30755,28280,30009,6043.64316714
2023-06-22,30010,30505,29600,29889,3777.43149847
2023-06-23,29891,31458,29820,30716,4388.38562374
2023-06-24,30703,30821,30287,30548,1211.73495461
2023-06-25,30550,31047,30295,30477,1480.27114787
2023-06-26,30480,30657,29941,30274,2062.07924358
2023-06-27,30278,31025,30235,30696,2087.55806488
2023-06-28,30697,30712,29868,30079,1867.54566498
2023-06-29,30078,30825,30041,30444,1924.61834450
2023-06-30,30445,31268,29508,30469,4944.39013815
2023-07-01,30469,30647,30321,30592,603.93483950
2023-07-02,30590,30785,30175,30616,1091.40198046
2023-07-03,30616,31378,30587,31158,1549.49344257
2023-07-04,31165,31327,30637,30771,848.52450967
2023-07-05,30767,30866,30206,30501,1179.48935068
2023-07-06,30498,31500,29868,29912,3087.63379638
2023-07-07,29901,30445,29722,30348,1886.47101822
2023-07-08,30348,30383,30056,30293,602.99398251
2023-07-09,30293,30439,30073,30167,640.48477925
2023-07-10,30170,31037,29964,30421,1899.48550714
2023-07-11,30417,30804,30310,30621,1275.01882493
2023-07-12,30631,30960,30219,30382,1734.61976884
2023-07-13,30383,31818,30259,31471,3038.41085113
2023-07-14,31474,31635,29961,30331,2687.88498106
2023-07-15,30328,30403,30260,30301,483.23087175
2023-07-16,30300,30442,30067,30253,999.67578186
2023-07-17,30247,30341,29675,30154,1810.61231990
2023-07-18,30144,30244,29521,29868,1637.26704348
2023-07-19,29862,30188,29757,29919,1446.88422668
2023-07-20,29917,30414,29567,29806,1431.36195596
2023-07-21,29806,30051,29735,29908,1197.73385418
2023-07-22,29908,29995,29640,29789,630.39179913
2023-07-23,29790,30342,29742,30085,766.46726746
2023-07-24,30085,30099,28842,29177,2817.83813249
2023-07-25,29176,29362,29054,29224,1213.49129440
2023-07-26,29224,29678,29100,29354,1517.24148332
2023-07-27,29353,29563,29081,29219,1313.64370824
2023-07-28,29214,29525,29121,29317,1241.48419113
2023-07-29,29316,29404,29251,29360,402.48554375
2023-07-30,29360,29446,29034,29279,792.17888595
2023-07-31,29279,29511,29115,29231,899.87088387
2023-08-01,29221,29715,28574,29696,2302.77018850
2023-08-02,29697,30025,28929,29164,1990.07126609
2023-08-03,29157,29395,28925,29176,1359.65240342
2023-08-04,29175,29306,28784,29077,1430.63487436
2023-08-05,29075,29107,28950,29049,339.31235387
2023-08-06,29049,29159,28962,29042,494.23722676
2023-08-07,29041,29244,28671,29181,1440.49544476
2023-08-08,29186,30210,29107,29764,2548.20876694
2023-08-09,29776,30119,29352,29565,1342.08176495
2023-08-10,29565,29703,29294,29423,1091.25819091
2023-08-11,29424,29525,29222,29398,839.58343645
2023-08-12,29398,29465,29350,29415,349.63678295
2023-08-13,29415,29443,29254,29284,357.15476053
2023-08-14,29280,29659,29086,29408,1281.10781710
2023-08-15,29408,29455,29060,29172,1081.01044207
2023-08-16,29171,29224,28693,28701,1798.07617139
2023-08-17,28692,28757,26266,26642,4949.55887437
2023-08-18,26632,26813,25601,26051,2639.68823694
2023-08-19,26051,26264,25798,26097,1021.34929591
2023-08-20,26097,26297,25979,26192,711.93303045
2023-08-21,26193,26240,25828,26125,1609.35464365
2023-08-22,26125,26137,25350,26042,1785.38604286
2023-08-23,26048,26800,25805,26431,2472.52719071
2023-08-24,26429,26562,25852,26168,1678.62815790
2023-08-25,26169,26281,25748,26048,1924.70792940
2023-08-26,26050,26102,25976,26008,249.04301850
2023-08-27,26007,26168,25962,26090,399.56936642
2023-08-28,26087,26223,25856,26103,1212.34458122
2023-08-29,26103,28142,25913,27726,4581.62209762
2023-08-30,27722,27757,27006,27300,2084.64468373
2023-08-31,27302,27537,25683,25932,2809.73176445
2023-09-01,25927,26134,25333,25798,1970.68901860
2023-09-02,25801,25980,25753,25870,557.92664336
2023-09-03,25870,26112,25807,25970,719.53811642
2023-09-04,25972,26081,25646,25819,1083.70424928
2023-09-05,25827,25862,25547,25783,1006.67988402
2023-09-06,25779,26000,25386,25748,1278.20847185
2023-09-07,25750,26417,25600,26245,1647.35197985
2023-09-08,26256,26429,25652,25908,1649.47774994
2023-09-09,25908,25927,25801,25899,436.09095941
2023-09-10,25899,26018,25588,25836,876.91159297
2023-09-11,25839,25881,24920,25155,2016.08262659
2023-09-12,25157,26529,25129,25844,3217.44248767
2023-09-13,25842,26395,25762,26226,1566.27745586
2023-09-14,26229,26849,26143,26529,2087.02602594
2023-09-15,26529,26878,26228,26607,1388.80900435
2023-09-16,26609,26767,26459,26571,609.71380340
2023-09-17,26571,26618,26414,26535,522.97891573
2023-09-18,26533,27422,26382,26770,2015.82966670
2023-09-19,26766,27486,26682,27214,1886.73059609
2023-09-20,27220,27389,26852,27128,2264.83849151
2023-09-21,27124,27177,26376,26563,1557.05559404
2023-09-22,26568,26733,26479,26581,683.49903344
2023-09-23,26577,26634,26519,26583,263.32261736
2023-09-24,26582,26730,26148,26248,778.78029835
2023-09-25,26215,26436,25977,26297,1307.38610948
2023-09-26,26298,26386,26085,26208,884.58189615
2023-09-27,26203,26823,26095,26361,1845.69530452
2023-09-28,26361,27297,26325,27026,2763.60813176
2023-09-29,27029,27235,26682,26911,1536.61509999
2023-09-30,26910,27093,26884,26966,532.60685570
2023-10-01,26965,28053,26959,27995,1264.64540463
2023-10-02,27995,28592,27333,27507,2577.97315012
2023-10-03,27509,27670,27170,27435,1304.18286171
2023-10-04,27431,27831,27221,27790,1275.01105837
2023-10-05,27787,28125,27369,27417,1535.57836693
2023-10-06,27420,28301,27185,27948,1718.75354746
2023-10-07,27945,28034,27864,27971,355.00216419
2023-10-08,27976,28104,27715,27933,559.68781341
2023-10-09,27930,27996,27280,27594,1186.72451465
2023-10-10,27598,27733,27294,27395,1183.58370853
2023-10-11,27394,27474,26533,26874,2042.77738655
2023-10-12,26870,26933,26545,26756,1099.96996575
2023-10-13,26744,27108,26675,26867,1292.12786710
2023-10-14,26867,26981,26800,26855,421.71980002
2023-10-15,26858,27299,26814,27174,758.25452068
2023-10-16,27161,29900,27123,28518,4785.41944077
2023-10-17,28520,28627,28081,28408,1864.88114061
2023-10-18,28408,28984,28156,28328,1413.07638125
2023-10-19,28327,28916,28138,28733,1546.73974905
2023-10-20,28734,30233,28595,29688,2771.39284798
2023-10-21,29682,30364,29483,29927,918.26190297
2023-10-22,29921,30247,29678,30002,921.90910142
2023-10-23,30007,34283,29898,33074,5126.76615313
2023-10-24,33090,35198,32852,33917,5503.07515361
2023-10-25,33928,35138,33686,34498,2514.83797747
2023-10-26,34494,34834,33738,34165,2077.76612107
2023-10-27,34148,34245,33407,33906,2094.03774293
2023-10-28,33902,34506,33878,34091,772.85563761
2023-10-29,34090,34755,33945,34538,949.33336318
2023-10-30,34549,34860,34095,34495,1843.15676539
2023-10-31,34489,34730,34061,34661,1565.28762452
2023-11-01,34667,35612,34102,35440,2098.16618447
2023-11-02,35440,35968,34320,34937,1636.75756043
2023-11-03,34947,34947,34132,34727,1346.42679593
2023-11-04,34734,35276,34609,35086,789.13294208
2023-11-05,35086,35396,34495,35045,816.10442470
2023-11-06,35043,35290,34766,35042,1069.01973133
2023-11-07,35061,35891,34530,35414,1785.96420873
2023-11-08,35417,36150,35111,35640,1364.35565296
2023-11-09,35633,37978,35578,36693,3016.28242591
2023-11-10,36700,37558,36343,37319,1622.63844082
2023-11-11,37350,37422,36673,37152,808.30673359
2023-11-12,37136,37237,36758,37086,549.56241452
2023-11-13,37085,37421,36355,36485,1510.51918187
2023-11-14,36474,36749,35002,35564,1717.04521008
2023-11-15,35558,37975,35378,37877,2493.86082433
2023-11-16,37886,37960,35539,36165,2074.97812228
2023-11-17,36167,36800,35891,36625,1897.08043126
2023-11-18,36626,36851,36211,36590,600.63676547
2023-11-19,36591,37520,36420,37426,1248.86330778
2023-11-20,37426,37769,36716,37480,2466.92303789
2023-11-21,37473,37664,35758,35758,2635.34338929
2023-11-22,35762,37865,35651,37424,2070.17231920
2023-11-23,37432,37649,36886,37301,1022.40658624
2023-11-24,37312,38437,37266,37746,1802.03174883
2023-11-25,37750,37908,37619,37809,420.03700069
2023-11-26,37811,37837,37173,37460,956.68366321
2023-11-27,37467,37574,36727,37240,1461.30815081
2023-11-28,37256,38420,36883,37839,2929.17942076
2023-11-29,37842,38457,37597,37863,1596.97584281
2023-11-30,37864,38173,37510,37719,1238.49574253
2023-12-01,37731,39000,37628,38707,1584.74431912
2023-12-02,38707,39725,38663,39474,1009.37914772
2023-12-03,39474,40210,39304,39989,1030.43113816
2023-12-04,39988,42404,39988,41985,2457.14266074
2023-12-05,41979,44490,41415,44075,2381.71882149
2023-12-06,44087,44282,43419,43764,1590.89524265
2023-12-07,43764,44044,42849,43291,1537.57678097
2023-12-08,43296,44729,43078,44193,1710.26021181
2023-12-09,44210,44362,43605,43712,1039.35957631
2023-12-10,43710,44038,43582,43786,872.82567587
2023-12-11,43786,43801,40181,41242,4261.48533556
2023-12-12,41232,42071,40649,41458,1610.56081406
2023-12-13,41483,43440,40589,42888,2644.83644066
2023-12-14,42899,43409,41509,43031,2002.07782305
2023-12-15,43047,43082,41664,41925,1753.91862839
2023-12-16,41926,42676,41639,42246,702.47727547
2023-12-17,42228,42364,41266,41345,1244.14076490
2023-12-18,41337,42732,40513,42650,2330.26582426
2023-12-19,42664,43456,41794,42258,2275.97294212
2023-12-20,42257,44291,42207,43665,2554.20268131
2023-12-21,43667,44240,43305,43873,1843.00224824
2023-12-22,43871,44409,43430,44002,1262.69067420
2023-12-23,44011,44027,43347,43733,762.80816546
2023-12-24,43730,43954,42700,43033,934.47643082
2023-12-25,43015,43807,42771,43591,808.86227682
2023-12-26,43587,43605,41639,42510,2476.91150728
2023-12-27,42511,43698,42121,43473,2029.37372014
2023-12-28,43468,43812,42288,42583,1410.60181535
2023-12-29,42587,43128,41306,42072,2740.01043427
2023-12-30,42069,42599,41529,42148,931.22212329
2023-12-31,42148,42867,41976,42258,1192.72615807
2024-01-01,42258,44192,42188,44187,1633.49861779
2024-01-02,44187,45922,44167,44970,3948.65907593
2024-01-03,44972,45510,41454,42865,3980.82805610
2024-01-04,42863,44795,42656,44186,2918.11934919
2024-01-05,44195,44366,42500,44184,3155.46638326
2024-01-06,44189,44253,43440,43999,980.53899688
2024-01-07,43988,44500,43636,43944,1747.44187033
2024-01-08,43936,47281,43213,46995,3636.86100020
2024-01-09,47012,47897,44903,46124,4033.07482445
2024-01-10,46103,47751,44304,46681,4041.55249105
2024-01-11,46678,49048,45600,46360,4473.02341050
2024-01-12,46343,46516,41509,42778,5206.89076802
2024-01-13,42772,43246,42440,42843,1045.15461483
2024-01-14,42834,43060,41704,41715,1256.25694151
2024-01-15,41701,43324,41680,42493,1455.98525511
2024-01-16,42483,43566,42056,43131,2368.79032451
2024-01-17,43128,43187,42172,42738,1669.71805706
2024-01-18,42738,42871,40600,41283,2233.62523855
2024-01-19,41250,42152,40258,41628,2637.87840623
2024-01-20,41622,41854,41428,41673,751.43386965
2024-01-21,41658,41849,41485,41560,466.94666893
2024-01-22,41555,41649,39437,39528,3032.78218553
2024-01-23,39515,40133,38505,39868,2741.44335926
2024-01-24,39849,40515,39461,40074,2648.46142608
2024-01-25,40074,40278,39531,39916,2295.83198262
2024-01-26,39929,42233,39808,41818,3525.68226372
2024-01-27,41817,42187,41396,42124,788.19903211
2024-01-28,42126,42824,41629,42026,1354.31455222
2024-01-29,42027,43305,41804,43305,2305.13461431
2024-01-30,43302,43853,42692,42946,2291.56721174
2024-01-31,42945,43738,42264,42558,3286.47977633
2024-02-01,42548,43263,41859,43071,1870.52097244
2024-02-02,43075,43451,42538,43183,1896.67516524
2024-02-03,43183,43352,42876,42994,759.46228085
2024-02-04,42991,43097,42243,42570,774.92253866
2024-02-05,42568,43515,42244,42659,2029.09192619
2024-02-06,42657,43366,42521,43092,1541.85229531
2024-02-07,43093,44389,42764,44346,1666.78621772
2024-02-08,44342,45587,44325,45300,3101.76569244
2024-02-09,45299,48201,45252,47161,3267.79290468
2024-02-10,47156,48186,46894,47770,1059.76317922
2024-02-11,47770,48601,47593,48313,950.74155544
2024-02-12,48313,50333,47720,49937,2595.07694979
2024-02-13,49937,50385,48325,49720,2127.39796350
2024-02-14,49728,52093,49267,51844,2470.06233311
2024-02-15,51841,52884,51364,51942,2580.54668239
2024-02-16,51935,52600,51615,52161,1766.36935764
2024-02-17,52163,52210,50647,51664,999.96707794
2024-02-18,51661,52393,51196,52130,925.21142925
2024-02-19,52155,52496,51694,51789,1123.41042877
2024-02-20,51776,53015,50770,52275,2464.04913744
2024-02-21,52272,52397,50611,51843,2252.90787810
2024-02-22,51857,52049,50921,51253,2025.24575372
2024-02-23,51252,51507,50519,50743,1923.68472986
2024-02-24,50738,51683,50581,51562,508.41676974
2024-02-25,51564,51958,51282,51722,587.08498174
2024-02-26,51738,54969,50909,54524,2566.50806379
2024-02-27,54534,57615,54500,57068,4197.17042096
2024-02-28,57065,64000,56724,62512,5991.00971487
2024-02-29,62512,63684,60365,61161,4398.26024998
2024-03-01,61161,63265,60801,62444,2116.10682875
2024-03-02,62433,62488,61645,62042,856.26122565
2024-03-03,62034,63249,61402,63142,1242.89272950
2024-03-04,63140,68577,62376,68359,4423.23610151
2024-03-05,68359,69210,59313,63796,7391.45419230
2024-03-06,63815,67645,62843,66120,4235.32811565
2024-03-07,66124,68061,65623,66941,3354.92016734
2024-03-08,66928,70184,66264,68285,4423.05734977
2024-03-09,68285,68685,68050,68463,856.10732179
2024-03-10,68464,69999,68196,69026,1987.10943818
2024-03-11,69013,72910,67120,72118,5028.35031787
2024-03-12,72105,73054,68636,71473,4051.75855118
2024-03-13,71473,73679,71340,73121,3647.59207209
2024-03-14,73130,73794,68555,71371,4144.37504552
2024-03-15,71387,72415,65569,69516,4952.41009755
2024-03-16,69505,70069,64780,65248,2215.16496436
2024-03-17,65245,68867,64522,68352,2040.41028069
2024-03-18,68344,68902,66585,67613,2891.66816826
2024-03-19,67603,68123,61447,61897,5318.12575849
2024-03-20,61919,68168,60760,67872,4989.90459203
2024-03-21,67842,68249,64537,65485,2935.80449282
2024-03-22,65477,66631,62332,63807,2420.55836222
2024-03-23,63812,66027,63016,64001,1252.51357681
2024-03-24,64007,67613,63807,67188,1391.93505712
2024-03-25,67208,71213,66407,69898,3049.19168605
2024-03-26,69889,71572,69257,69997,2479.94799343
2024-03-27,69999,71754,68362,69421,2306.37023009
2024-03-28,69406,71587,68863,70803,2146.14929567
2024-03-29,70769,70929,69073,69903,1131.13270761
2024-03-30,69934,70344,69586,69613,589.84093164
2024-03-31,69616,71391,69594,71285,857.97967024
2024-04-01,71296,71296,68073,69699,2032.76552736
2024-04-02,69694,69706,64545,65469,3531.62054860
2024-04-03,65471,66942,64511,65988,1876.12270366
2024-04-04,65984,69328,65100,68538,2332.36734433
2024-04-05,68522,68767,65999,67857,2200.99431004
2024-04-06,67851,69680,67476,68917,729.56296087
2024-04-07,68907,70310,68858,69358,1123.92861936
2024-04-08,69336,72756,69073,71613,2247.97574988
2024-04-09,71623,71748,68217,69135,2320.07201561
2024-04-10,69100,71150,67482,70630,2494.31665671
2024-04-11,70638,71287,69555,70015,1976.13409975
2024-04-12,70019,71236,65230,67150,2855.33007160
2024-04-13,67146,67930,61308,64054,3638.57218138
2024-04-14,64039,65859,62162,65749,2675.95110563
2024-04-15,65748,66900,62340,63438,2619.50946939
2024-04-16,63467,64376,61654,63830,2685.27308755
2024-04-17,63821,64636,59672,61278,3227.19219541
2024-04-18,61256,64182,60830,63515,2353.15232284
2024-04-19,63512,65506,59629,63821,3756.32419865
2024-04-20,63847,65450,63136,64990,1178.86192275
2024-04-21,64978,65710,64294,64950,871.65106463
2024-04-22,64951,67241,64545,66855,2019.58758121
2024-04-23,66845,67201,65837,66421,1200.34622413
2024-04-24,66413,67057,63554,64259,2072.24874267
2024-04-25,64254,65286,62785,64493,1851.69406596
2024-04-26,64488,64793,63306,63745,1213.85952947
2024-04-27,63746,63903,62405,63429,833.17012398
2024-04-28,63417,64310,62811,63098,807.23701868
2024-04-29,63106,64181,61764,63832,1496.50152656
2024-04-30,63849,64714,59068,60632,2740.34760244
2024-05-01,60611,60786,56500,58256,3523.30096206
2024-05-02,58272,59623,56932,59099,1700.09551590
2024-05-03,59076,63340,58829,62915,2560.04102097
2024-05-04,62907,64522,62585,63899,1400.47938778
2024-05-05,63901,64625,62947,64021,918.78327523
2024-05-06,64024,65513,62720,63164,1643.13715228
2024-05-07,63159,64389,62278,62320,1357.12199145
2024-05-08,62310,62996,60873,61181,1469.20210523
2024-05-09,61143,63409,60634,63075,1386.15467473
2024-05-10,63072,63876,60176,60793,2229.56085163
2024-05-11,60799,61454,60474,60816,516.41893738
2024-05-12,60813,61848,60600,61462,638.44732414
2024-05-13,61446,63444,60758,62934,1831.88901336
2024-05-14,62917,63075,61108,61543,1560.76591250
2024-05-15,61552,66471,61322,66242,3794.61266735
2024-05-16,66234,66766,64598,65252,1760.07421083
2024-05-17,65252,67482,65129,67053,1703.98497047
2024-05-18,67059,67391,66663,66930,526.31056179
2024-05-19,66923,67654,65901,66275,535.79306702
2024-05-20,66255,71500,66074,71401,2681.31745309
2024-05-21,71435,71958,69156,70136,1968.84633605
2024-05-22,70155,70649,68879,69118,1537.25078005
2024-05-23,69151,70024,66343,67945,2160.78304618
2024-05-24,67915,69254,66623,68548,1132.91119417
2024-05-25,68549,69580,68503,69275,499.49995762
2024-05-26,69288,69500,68136,68489,610.50115500
2024-05-27,68471,70601,68225,69392,1406.51067265
2024-05-28,69363,69513,67193,68327,2285.11775116
2024-05-29,68347,68852,67096,67564,1273.08586449
2024-05-30,67566,69524,67105,68338,1757.50551322
2024-05-31,68330,69010,66624,67477,1880.05905818
2024-06-01,67513,67810,67387,67723,368.62403719
2024-06-02,67722,68405,67281,67752,544.36062430
2024-06-03,67744,70268,67590,68801,2391.37592427
2024-06-04,68798,71074,68553,70564,2051.63351034
2024-06-05,70546,71759,69600,71119,2051.76991040
2024-06-06,71109,71629,70116,70775,1673.76086776
2024-06-07,70771,71949,68450,69326,3140.97127160
2024-06-08,69321,69538,69150,69306,428.02241418
2024-06-09,69306,69840,69131,69640,464.35226548
2024-06-10,69649,70167,69173,69501,830.15464417
2024-06-11,69506,69548,66011,67306,2436.68224536
2024-06-12,67306,70007,66911,68243,2448.03512812
2024-06-13,68240,68433,66242,66733,1996.65148870
2024-06-14,66765,67314,64936,65996,2391.47091898
2024-06-15,65995,66415,65828,66182,659.40470208
2024-06-16,66181,66914,66010,66622,738.03468970
2024-06-17,66622,67260,65066,66475,2463.17065550
2024-06-18,66475,66559,64032,65145,2210.70701056
2024-06-19,65141,65702,64664,64946,927.57952823
2024-06-20,64947,66455,64516,64845,2185.32362168
2024-06-21,64841,65004,63356,64102,1656.40021868
2024-06-22,64116,64491,63917,64233,277.84084542
2024-06-23,64245,64490,63136,63154,633.14997106
2024-06-24,63152,63302,58456,60252,3965.34722322
2024-06-25,60250,62395,60223,61789,2662.52829079
2024-06-26,61798,62458,60675,60807,1392.69465818
2024-06-27,60820,62323,60561,61622,1601.14628175
2024-06-28,61609,62151,59923,60315,1742.50478624
2024-06-29,60312,61114,60296,60879,580.79352981
2024-06-30,60882,62931,60620,62676,969.08894969
2024-07-01,62676,63794,62465,62829,1936.67850292
2024-07-02,62822,63211,61731,62033,1129.73936644
2024-07-03,62046,62196,59334,60142,2033.06355480
2024-07-04,60165,60430,56748,57045,2423.25294936
2024-07-05,57030,57500,53550,56632,3234.22856310
2024-07-06,56632,58488,56044,58251,1203.36563905
2024-07-07,58253,58441,55729,55829,1080.88868598
2024-07-08,55852,58200,54296,56710,3198.87849576
2024-07-09,56697,58278,56300,58033,2404.89549090
2024-07-10,58028,59459,57152,57733,1861.63028273
2024-07-11,57700,59516,57072,57348,2085.43922834
2024-07-12,57345,58539,56551,57889,2139.09979841
2024-07-13,57907,59853,57783,59226,1402.77014751
2024-07-14,59257,61424,59257,60823,1472.24156208
2024-07-15,60827,64926,60685,64769,3739.21959674
2024-07-16,64759,65403,62446,65081,3199.09903583
2024-07-17,65081,66129,63890,64091,1880.49090986
2024-07-18,64104,65108,63227,63964,1526.40752618
2024-07-19,63977,67466,63303,66705,3112.28542050
2024-07-20,66705,67617,66284,67155,1186.52410101
2024-07-21,67164,68364,65833,68158,1881.46231613
2024-07-22,68170,68486,66583,67562,2375.20572016
2024-07-23,67561,67776,65452,65944,2417.17885430
2024-07-24,65943,67112,65117,65376,1796.81531975
2024-07-25,65363,66135,63424,65796,2022.67493049
2024-07-26,65794,68214,65712,67921,1786.03393977
2024-07-27,67952,69404,66637,67892,1875.17940599
2024-07-28,67837,68298,67064,68264,861.95803297
2024-07-29,68240,70016,66445,66780,2363.69521213
2024-07-30,66765,66983,65302,66171,1561.08596850
2024-07-31,66170,66814,64507,64612,1629.25774256
2024-08-01,64612,65568,62233,65293,2890.60704678
2024-08-02,65293,65548,61169,61421,3479.04685468
2024-08-03,61419,62151,59839,60672,1821.49896119
2024-08-04,60669,61073,57155,58142,2394.63310114
2024-08-05,58137,58280,49577,54014,8238.87212141
2024-08-06,54040,57058,53977,56053,3769.72498337
2024-08-07,56048,57737,54568,55136,3993.76663285
2024-08-08,55132,62729,54748,61699,3876.67202263
2024-08-09,61733,61740,59571,60860,2241.31073361
2024-08-10,60842,61476,60270,60952,1018.51751275
2024-08-11,60940,61868,58315,58725,1496.95386612
2024-08-12,58718,60700,57681,59362,3412.56068233
2024-08-13,59361,61600,58455,60620,2874.93115361
2024-08-14,60607,61809,58456,58697,3027.98966223
2024-08-15,58694,59851,56138,57557,3240.34341745
2024-08-16,57556,59841,57104,58883,2945.17331922
2024-08-17,58883,59704,58828,59487,913.41960834
2024-08-18,59487,60271,58414,58430,1375.04482657
2024-08-19,58440,59631,57844,59497,2045.09787264
2024-08-20,59462,61424,58553,59012,2569.37875690
2024-08-21,59012,61838,58816,61159,2508.01462281
2024-08-22,61169,61416,59774,60383,1929.30627319
2024-08-23,60383,64988,60348,64085,3470.07123728
2024-08-24,64095,64506,63594,64174,1163.89809817
2024-08-25,64176,65103,63814,64262,918.66616491
2024-08-26,64248,64502,62826,62852,1460.73492982
2024-08-27,62822,63236,58090,59427,2540.60072662
2024-08-28,59433,60212,57866,59033,2782.47691366
2024-08-29,59033,61182,58701,59365,2511.22388288
2024-08-30,59363,59905,57721,59113,2039.74822306
2024-08-31,59113,59431,58750,58967,738.75417566
2024-09-01,58967,59060,57205,57310,1650.43196007
2024-09-02,57278,59411,57131,59133,1642.91265395
2024-09-03,59123,59803,57402,57493,1476.93435490
2024-09-04,57506,58518,55602,57956,2077.78659826
2024-09-05,57974,58315,55649,56158,1485.69244111
2024-09-06,56179,56984,52546,53955,2938.39817610
2024-09-07,53947,54839,53731,54147,1046.86393200
2024-09-08,54150,55306,53636,54866,1237.77945151
2024-09-09,54876,58070,54587,57059,2644.12002332
2024-09-10,57056,58042,56406,57659,1878.56149502
2024-09-11,57646,58000,55554,57342,3024.35845323
2024-09-12,57342,58560,57335,58139,2392.01885139
2024-09-13,58139,60670,57640,60545,2622.28151587
2024-09-14,60551,60655,59438,60012,744.81553897
2024-09-15,60012,60388,58708,59130,1377.74210648
2024-09-16,59121,59209,57488,58212,1692.12077561
2024-09-17,58208,61331,57627,60316,2677.19875968
2024-09-18,60318,61787,59189,61757,3237.83084540
2024-09-19,61765,63882,61584,62940,3050.81602877
2024-09-20,62950,64121,62353,63211,1646.72507369
2024-09-21,63189,63574,62760,63364,578.82075001
2024-09-22,63364,63990,62390,63563,932.57108331
2024-09-23,63577,64730,62585,63325,1113.07851811
2024-09-24,63360,64677,62720,64260,1621.50232416
2024-09-25,64291,64795,62941,63147,1172.76426267
2024-09-26,63121,65851,62675,65175,1758.77420578
2024-09-27,65171,66508,64840,65781,1261.81543351
2024-09-28,65809,66255,65442,65876,557.50374744
2024-09-29,65875,66071,65450,65601,487.19186994
2024-09-30,65605,65634,62859,63302,1759.70729545
2024-10-01,63331,64122,60164,60807,2797.97709897
2024-10-02,60760,62350,59972,60634,2437.72512955
2024-10-03,60627,61461,59860,60745,1412.60368684
2024-10-04,60747,62473,60474,62081,1394.47802907
2024-10-05,62080,62368,61699,62063,449.65424183
2024-10-06,62057,62962,61816,62814,846.73208591
2024-10-07,62831,64444,62130,62212,1815.26837202
2024-10-08,62211,63172,61839,62133,1116.30278349
2024-10-09,62114,62503,60268,60582,1354.90943313
2024-10-10,60589,61246,58867,60278,1799.48728956
2024-10-11,60278,63409,60041,62452,1582.70508322
2024-10-12,62511,63455,62474,63194,685.69286582
2024-10-13,63193,63271,62039,62849,653.16610878
2024-10-14,62850,66479,62450,66070,2390.38938585
2024-10-15,66070,67922,64802,67061,2488.99178965
2024-10-16,67061,68388,66744,67622,1716.95969807
2024-10-17,67608,67914,66631,67392,1298.22146294
2024-10-18,67392,68998,67176,68420,1434.33126968
2024-10-19,68420,68668,68020,68359,414.91156597
2024-10-20,68367,69363,68102,69011,606.10309373
2024-10-21,69011,69487,66815,67340,1752.72054327
2024-10-22,67345,67784,66559,67382,1626.85964560
2024-10-23,67382,67409,65000,66601,1927.84170953
2024-10-24,66602,68800,66455,68155,2140.08818467
2024-10-25,68155,68726,65521,66578,2730.81362994
2024-10-26,66576,67352,66344,67003,489.32578253
2024-10-27,67009,68232,66850,67938,739.97895752
2024-10-28,67937,70218,67541,69918,2063.86332457
2024-10-29,69918,73600,69716,72729,3975.69020310
2024-10-30,72727,72928,71313,72331,2263.68354591
2024-10-31,72330,72660,69591,70231,1776.40915493
2024-11-01,70202,71596,68768,69490,2717.47179295
2024-11-02,69468,69887,69015,69330,1047.12468684
2024-11-03,69339,69354,67459,68738,1915.47157334
2024-11-04,68738,69444,66798,67818,2538.34080221
2024-11-05,67817,70538,67443,69386,2370.70518293
2024-11-06,69396,76481,69284,75637,7732.00129394
2024-11-07,75638,76990,74479,75921,3265.43357289
2024-11-08,75918,77270,75665,76561,2466.52573117
2024-11-09,76560,76941,75648,76722,837.82745419
2024-11-10,76707,81482,76554,80425,2739.76560525
2024-11-11,80426,89643,80280,88770,6695.15671543
2024-11-12,88771,90243,85121,88031,8037.51453432
2024-11-13,88038,93483,86263,90521,7338.02972770
2024-11-14,90498,91804,86685,87333,3805.76164090
2024-11-15,87298,91909,87119,91070,4491.15106913
2024-11-16,91069,91778,90100,90608,1538.87717754
2024-11-17,90643,91429,88709,89861,2016.09767635
2024-11-18,89865,92624,89392,90512,4276.18821636
2024-11-19,90514,94057,90407,92424,3884.88262437
2024-11-20,92434,94942,91407,94373,9293.97029198
2024-11-21,94374,99121,94106,98451,7280.76958238
2024-11-22,98451,99800,97236,99013,4646.09454486
2024-11-23,99010,99015,97226,97775,1719.12474462
2024-11-24,97765,98660,95796,98007,1814.00757210
2024-11-25,98021,98966,92584,93035,2969.54841533
2024-11-26,93006,94999,90742,91928,3575.09743077
2024-11-27,91929,97353,91760,95978,2999.13415798
2024-11-28,95945,96658,94670,95661,2070.27076830
2024-11-29,95670,98745,95410,97512,2410.84197795
2024-11-30,97510,97510,96112,96441,646.22078077
2024-12-01,96471,97880,95758,97291,884.65566050
2024-12-02,97260,98200,94403,95859,3225.02101630
2024-12-03,95858,96301,93590,95926,3484.90912488
2024-12-04,95926,99250,94661,98773,4309.94473587
2024-12-05,98751,103647,92092,97057,7450.45018748
2024-12-06,96968,102098,96463,99898,2613.21105227
2024-12-07,99898,100575,99121,99929,587.87674509
2024-12-08,99969,101407,98752,101204,1073.32763391
2024-12-09,101188,101271,94249,97468,2468.79283854
2024-12-10,97318,98300,94306,96648,2092.49724122
2024-12-11,96658,101961,95725,101201,2196.18137510
2024-12-12,101238,102582,99309,100068,1393.19342191
2024-12-13,99998,101918,99250,101435,1030.49421453
2024-12-14,101433,102643,100643,101382,566.53660890
2024-12-15,101408,105149,101243,104427,1369.98798554
2024-12-16,104476,107821,103322,106073,2171.77263705
2024-12-17,106109,108364,105363,106187,1405.93900566
2024-12-18,106214,106523,99997,100153,2557.28814854
2024-12-19,100133,102747,95537,97375,3425.50154490
2024-12-20,97416,98123,92118,97760,2706.24143724
2024-12-21,97745,99514,96399,97211,1740.04323929
2024-12-22,97245,97376,94200,95098,2075.50874332
2024-12-23,95100,96420,92389,94750,2428.60426472
2024-12-24,94750,99419,93461,98596,1444.53568991
2024-12-25,98637,99478,97576,99374,849.51224828
2024-12-26,99357,99881,95111,95687,1501.36776618
2024-12-27,95666,97337,93282,94168,2416.24232245
2024-12-28,94159,95529,94026,95139,839.50518103
2024-12-29,95119,95124,92868,93557,851.80554921
2024-12-30,93564,94891,91315,92628,1841.04308392
2024-12-31,92637,96117,91900,93381,1128.82793677
2025-01-01,93347,94951,92768,94388,777.13942547
2025-01-02,94380,97745,94205,96907,1219.19370744
2025-01-03,96895,98951,96042,98133,1159.41909795
2025-01-04,98133,98753,97540,98209,445.49130336
2025-01-05,98218,98799,97277,98327,454.72019157
2025-01-06,98389,102514,97919,102280,1742.61289193
2025-01-07,102278,102760,96130,96946,1490.59996722
2025-01-08,96922,97248,92502,95065,2081.04462750
2025-01-09,95034,95333,91215,92542,1877.80058869
2025-01-10,92545,95797,92227,94702,1798.96999215
2025-01-11,94702,94975,93843,94568,639.87740098
2025-01-12,94573,95363,93685,94497,570.97876662
2025-01-13,94498,95846,89164,94505,2125.86232734
2025-01-14,94537,97339,94345,96523,1477.80944326
2025-01-15,96560,100715,96474,100512,1811.81706595
2025-01-16,100512,100860,97319,99975,1817.77460574
2025-01-17,99975,105932,99944,104119,3087.39708067
2025-01-18,104119,104909,102238,104436,1306.42802809
2025-01-19,104432,106294,99528,101237,2602.44233467
2025-01-20,101191,109356,99462,102141,3921.86906882
2025-01-21,102155,107265,100087,106149,3058.41033426
2025-01-22,106149,106370,103322,103632,1713.55368827
2025-01-23,103659,106848,101233,103933,3790.17304182
2025-01-24,103922,107149,102754,104855,1725.23369955
2025-01-25,104855,105237,104126,104738,735.89058503
2025-01-26,104741,105424,102450,102573,798.34131897
2025-01-27,102573,103186,97750,102090,3210.12625421
2025-01-28,102065,103745,100225,101292,1721.67321227
2025-01-29,101291,104769,101288,103747,1535.93165933
2025-01-30,103768,106447,103313,104738,1543.13930195
2025-01-31,104737,106046,101303,102412,2016.51235916
2025-02-01,102408,102754,100270,100638,785.48911683
2025-02-02,100638,101430,96168,97675,1747.97820698
2025-02-03,97670,102569,91530,101457,4081.88402077
2025-02-04,101456,101785,96147,97786,2068.16739103
2025-02-05,97809,99168,96181,96614,1576.92222741
2025-02-06,96614,99174,95678,96573,1723.92521071
2025-02-07,96566,100185,95662,96535,1936.93167774
2025-02-08,96534,96896,95700,96472,615.71243239
2025-02-09,96472,97337,94726,96477,1008.66870716
2025-02-10,96533,98349,95307,97469,994.10887876
2025-02-11,97465,98490,94853,95754,1284.47141085
2025-02-12,95756,98144,94091,97882,1476.47049215
2025-02-13,97882,98091,95249,96627,857.75893529
2025-02-14,96631,98871,96300,97520,1251.27268760
2025-02-15,97515,97974,97237,97591,335.74480408
2025-02-16,97591,97727,96066,96132,445.57381146
2025-02-17,96066,97014,95227,95772,800.63807134
2025-02-18,95779,96714,93340,95612,1415.52902397
2025-02-19,95612,96866,95011,96642,1420.10472761
2025-02-20,96639,98758,96439,98337,1681.57650135
2025-02-21,98335,99508,94805,96131,2838.77561898
2025-02-22,96137,96967,95750,96572,795.72262624
2025-02-23,96571,96666,95260,96262,539.91447530
2025-02-24,96264,96492,91330,91554,1692.14741385
2025-02-25,91516,92512,85953,88576,4284.62546279
2025-02-26,88573,89279,82133,84071,3118.75478282
2025-02-27,84150,86988,82615,84639,2559.94908433
2025-02-28,84621,85082,78197,84321,3567.36797341
2025-03-01,84316,86517,83803,86033,1461.96601707
2025-03-02,86031,95152,85029,94273,3153.02965002
2025-03-03,94272,94422,85069,86160,2856.70424439
2025-03-04,86161,88922,81463,87240,3206.20571035
2025-03-05,87262,90993,86397,90611,1832.66540574
2025-03-06,90590,92790,87835,89918,2169.68972472
2025-03-07,89922,91277,84713,86759,3286.78015466
2025-03-08,86754,86861,85190,86192,579.74911104
2025-03-09,86204,86469,80000,80708,1710.17938787
2025-03-10,80728,84007,77393,78561,2977.79268756
2025-03-11,78599,83568,76600,82869,2656.56371178
2025-03-12,82941,84437,80607,83620,2469.21846953
2025-03-13,83677,84287,79910,81079,1830.00089168
2025-03-14,81084,85294,80801,83975,1986.99511377
2025-03-15,83984,84672,83633,84347,486.19010212
2025-03-16,84362,85059,81983,82555,1178.20234353
2025-03-17,82569,84741,82466,84058,1198.89639605
2025-03-18,83930,83989,81138,82715,1290.21505333
2025-03-19,82694,87010,82567,86868,1926.60953491
2025-03-20,86870,87470,83631,84158,1877.13235545
2025-03-21,84179,84801,83142,84061,1146.50782993
2025-03-22,84050,84490,83682,83823,316.86484991
2025-03-23,83806,86116,83806,86084,649.91397891
2025-03-24,86084,88772,85541,87512,1888.33413141
2025-03-25,87488,88539,86321,87436,2134.77215325
2025-03-26,87448,88296,85869,86913,1552.95977276
2025-03-27,86966,87755,85828,87219,1289.37289710
2025-03-28,87224,87481,83544,84379,1392.33624956
2025-03-29,84384,84561,81629,82608,745.39345360
2025-03-30,82608,83500,81551,82359,840.38263469
2025-03-31,82367,83914,81287,82538,1937.33727970
2025-04-01,82537,85530,82417,85170,1504.00240153
2025-04-02,85171,88563,81188,82502,2861.64666347
2025-04-03,82477,83896,81200,83132,1777.45240819
2025-04-04,83182,84708,81659,83851,2005.88282699
2025-04-05,83852,84226,82358,83507,518.18185430
2025-04-06,83514,83741,77098,78342,2165.48130222
2025-04-07,78381,81180,74434,79127,4083.99710956
2025-04-08,79134,80836,76159,76244,2245.50901040
2025-04-09,76252,83565,74588,82595,4038.27621051
2025-04-10,82594,82722,78424,79543,1564.07737754
2025-04-11,79558,84257,78942,83384,1728.84098877
2025-04-12,83384,85892,82784,85274,847.63757574
2025-04-13,85277,86084,83031,83712,1210.92223051
2025-04-14,83774,85787,83680,84583,1425.88175716
2025-04-15,84583,86450,83612,83686,1162.91179825
2025-04-16,83632,85528,83102,84046,1593.44839937
2025-04-17,84045,85478,83751,84954,1119.58782405
2025-04-18,84954,85121,84310,84468,323.24096242
2025-04-19,84466,85611,84367,85069,631.49083813
2025-04-20,85074,85305,83974,85198,462.80974618
2025-04-21,85197,88527,85134,87505,2179.81586603
2025-04-22,87505,93928,87094,93481,2859.46920600
2025-04-23,93482,94700,91970,93730,2423.42691580
2025-04-24,93730,94035,91700,94010,1192.70817510
2025-04-25,94010,95857,92891,94726,2287.68750103
2025-04-26,94720,95249,93934,94662,518.68073079
2025-04-27,94662,95353,93685,93769,582.20526798
2025-04-28,93780,95633,92846,95041,1571.43868511
2025-04-29,95040,95479,93775,94285,877.67378025
2025-04-30,94284,95269,92946,94181,1384.24362580
2025-05-01,94181,97470,94141,96535,1742.18663518
2025-05-02,96557,97938,96399,96925,919.20772116
2025-05-03,96926,96956,95800,95916,696.37418877
2025-05-04,95850,96295,94162,94316,562.77317581
2025-05-05,94301,95198,93550,94725,936.93369617
2025-05-06,94725,96895,93376,96814,1074.63503655
2025-05-07,96815,97717,95823,97054,1333.27237851
2025-05-08,97059,104159,96907,103261,2303.46314389
2025-05-09,103234,104332,102350,102991,1336.08590855
2025-05-10,102992,104985,102845,104809,624.26506624
2025-05-11,104809,104958,103369,104129,718.36832309
2025-05-12,104138,105706,100764,102796,1914.47205431
2025-05-13,102796,104997,101471,104135,1432.50405705
2025-05-14,104126,104357,102622,103531,1171.49377037
2025-05-15,103514,104184,101442,103793,1339.09330148
2025-05-16,103800,104570,103137,103506,994.76037696
2025-05-17,103503,103720,102668,103153,459.80988884
2025-05-18,103172,106635,103149,106520,905.17939556
2025-05-19,106520,107115,102126,105622,1677.93212340
2025-05-20,105630,107340,104232,106855,1462.42485262
2025-05-21,106891,110730,106141,109682,2430.79413683
2025-05-22,109696,112000,109252,111743,1375.74025669
2025-05-23,111742,111816,106827,107329,1588.22862639
2025-05-24,107319,109501,106908,107799,577.06680579
2025-05-25,107798,109383,106666,109068,908.97625311
2025-05-26,109114,110461,108759,109468,736.73662452
2025-05-27,109474,110789,107562,108980,1296.61250535
2025-05-28,108980,109307,106804,107811,1079.82738975
2025-05-29,107821,108924,105374,105578,1431.77890157
2025-05-30,105577,106329,103675,104034,1224.11022278
2025-05-31,103988,104947,103127,104646,483.31138627
2025-06-01,104646,105908,103832,105705,648.06747831
2025-06-02,105677,106001,103708,105905,941.73137580
2025-06-03,105890,106854,104947,105454,924.42389243
2025-06-04,105426,106036,104219,104745,791.94847355
2025-06-05,104734,105959,100426,101559,1374.32950890
2025-06-06,101558,105416,101159,104393,1474.94148302
2025-06-07,104416,105959,103992,105619,613.87145578
2025-06-08,105619,106507,105060,105792,353.13072588
2025-06-09,105791,110587,105389,110307,1163.27877626
2025-06-10,110311,110400,108403,110292,920.65276216
2025-06-11,110292,110398,108113,108678,717.48831230
2025-06-12,108670,108833,105731,105731,855.76506249
2025-06-13,105725,106209,102816,106118,1268.16488329
2025-06-14,106117,106250,104376,105464,516.90004886
2025-06-15,105475,106163,104532,105617,487.58970132
2025-06-16,105612,108990,105023,106829,932.05599039
2025-06-17,106853,107773,103388,104584,1157.65258947
2025-06-18,104617,105566,103521,104922,971.05031921
2025-06-19,104922,105254,103957,104688,464.84582604
2025-06-20,104682,106521,102309,103316,971.51619457
2025-06-21,103329,104013,100945,102139,817.52134527
2025-06-22,102198,103387,98240,101015,1366.05281274
2025-06-23,100990,106125,99705,105464,1771.47809411
2025-06-24,105418,106344,104695,106131,1158.17542632
2025-06-25,106132,108182,105872,107418,1202.13073102
2025-06-26,107417,108358,106640,107004,791.37974938
2025-06-27,107005,107794,106351,107100,1286.60711501
2025-06-28,107100,107584,106880,107348,204.99976689
2025-06-29,107353,108546,107239,108384,526.42907649
2025-06-30,108389,108800,106751,107179,809.67116800
2025-07-01,107164,107560,105280,105709,918.59180036
2025-07-02,105698,109802,105130,108885,910.95167606
2025-07-03,108885,110557,108586,109648,902.39480928
2025-07-04,109647,109799,107303,108033,607.88228740
2025-07-05,108033,108416,107811,108240,219.21691172
2025-07-06,108240,109717,107858,109233,420.08244319
2025-07-07,109231,109711,107520,108287,708.78251782
2025-07-08,108286,109225,107471,108947,676.89664809
2025-07-09,108947,112040,108352,111287,1206.49472676
2025-07-10,111318,117000,110610,116031,1983.52144626
2025-07-11,116038,118839,115226,117579,1872.27005924
2025-07-12,117579,118227,116971,117464,657.61118852
2025-07-13,117464,119482,117256,119135,699.60199797
2025-07-14,119140,123236,118972,119879,2008.67990115
2025-07-15,119862,119945,115729,117769,5844.55673110
2025-07-16,117770,120086,117047,118718,1446.65793099
2025-07-17,118692,121000,117506,119275,1630.82389973
2025-07-18,119275,120900,116915,118022,1825.06401069
2025-07-19,118023,118553,117352,117916,499.25171162
2025-07-20,117917,118896,116551,117339,615.19846734
2025-07-21,117220,119682,116594,117437,1334.50157800
2025-07-22,117437,120297,116186,120011,1298.08983461
2025-07-23,120011,120165,117376,118813,980.23169548
2025-07-24,118795,119525,117201,118347,1079.42129756
2025-07-25,118400,118509,114518,117653,5661.93875187
2025-07-26,117652,118340,117196,117962,618.43322749
2025-07-27,117983,119798,117888,119469,579.57477524
2025-07-28,119514,119826,117400,118051,1062.35423495
2025-07-29,118068,119267,116928,117926,1161.32333055
2025-07-30,117926,118775,115784,117834,1043.63562888
2025-07-31,117833,118904,115512,115750,1022.71220262
2025-08-01,115749,116054,112680,113243,2329.78743891
2025-08-02,113243,114008,111987,112522,1093.67089437
2025-08-03,112522,114774,111919,114226,757.70817537
2025-08-04,114245,115732,114129,115051,933.27650923
2025-08-05,115051,115106,112660,114133,941.80637472
2025-08-06,114129,115729,113365,115030,1202.63711783
2025-08-07,115030,117675,114280,117515,1447.58301804
2025-08-08,117515,117661,115896,116675,1599.13538797
2025-08-09,116675,117929,116350,116495,985.99079289
2025-08-10,116490,119310,116490,119310,1018.22600871
2025-08-11,119312,122312,118043,118712,2061.10609204
2025-08-12,118711,120304,118214,120107,1834.33264903
2025-08-13,120113,123715,118940,123360,2624.51093464
2025-08-14,123360,124517,117201,118394,2568.14323965
2025-08-15,118393,119336,116856,117446,1480.94500475
2025-08-16,117445,118057,117252,117460,818.55779223
2025-08-17,117451,118626,117266,117490,822.50240192
2025-08-18,117465,117622,114706,116265,1938.43650897
2025-08-19,116295,116765,112702,112870,1676.74821297
2025-08-20,112870,114618,112353,114263,2261.15590441
2025-08-21,114263,114801,111972,112472,1865.84099631
2025-08-22,112471,117421,111658,116891,2747.02375092
2025-08-23,116908,116985,114536,115392,1011.76407870
2025-08-24,115391,115626,110671,113478,1706.85921657
2025-08-25,113491,113645,109283,110136,2458.05879872
2025-08-26,110128,112400,108717,111788,1921.06840005
2025-08-27,111789,112646,110381,111273,1115.69227815
2025-08-28,111272,113473,110876,112581,1313.36312523
2025-08-29,112581,112654,107488,108362,1977.32412474
2025-08-30,108376,108924,107389,108827,790.83013066
2025-08-31,108827,109503,108092,108269,747.36779711
2025-09-01,108268,109907,107270,109244,1584.06180608
2025-09-02,109255,111775,108426,111238,2118.59829056
2025-09-03,111238,112615,110550,111759,2089.17921268
2025-09-04,111758,112223,109343,110747,1931.55865495
2025-09-05,110738,113402,110226,110669,2214.24201717
2025-09-06,110668,111314,110021,110223,753.36082686
2025-09-07,110223,111597,110212,111144,1147.75813028
2025-09-08,111144,112935,110624,112098,1382.32507241
2025-09-09,112097,113279,110768,111531,1444.08044039
2025-09-10,111551,114348,110932,113988,1623.88652527
2025-09-11,113987,115533,113460,115533,1488.74398210
2025-09-12,115533,116805,114770,116108,2158.42031268
2025-09-13,116108,116364,115177,115981,637.92000888
2025-09-14,115980,116216,115190,115342,709.05249747
2025-09-15,115316,116786,114421,115387,1496.61808415
2025-09-16,115389,117006,114776,116837,1255.43431844
2025-09-17,116836,117323,114747,116477,2153.84805045
2025-09-18,116482,117968,116144,117125,2093.19820754
2025-09-19,117124,117506,115144,115702,1802.70990238
2025-09-20,115703,116197,115479,115759,1111.98890244
2025-09-21,115758,115901,115258,115292,789.19772796
2025-09-22,115275,115435,111986,112741,1951.76217647
2025-09-23,112741,113344,111463,112025,1468.03878727
2025-09-24,112025,114005,111115,113339,1320.90667792
2025-09-25,113351,113542,108652,109021,2615.57202808
2025-09-26,109021,110372,108676,109696,1849.10982840
2025-09-27,109694,109789,109130,109679,475.39719794
2025-09-28,109679,112375,109239,112203,789.14477935
2025-09-29,112203,114486,111597,114379,1866.13986072
2025-09-30,114359,114842,112714,114065,1873.80348877
2025-10-01,114079,118708,113982,118668,2297.03276139
2025-10-02,118674,121106,118355,120612,2079.67690093
2025-10-03,120645,123966,119353,122308,3097.07232266
2025-10-04,122329,122885,121575,122441,628.47218404
2025-10-05,122458,125725,122209,123519,1675.31764003
2025-10-06,123519,126272,123148,124728,2416.90198150
2025-10-07,124728,125235,120648,121395,2470.10489687
2025-10-08,121407,124220,121113,123345,2511.13170614
2025-10-09,123349,123819,119736,121695,2339.50892075
2025-10-10,121695,122582,109683,112996,4713.81894506
2025-10-11,112989,113444,109711,110764,2954.91390717
2025-10-12,110769,115854,109711,115090,2969.34386191
2025-10-13,115089,116035,113751,115265,1947.58068078
2025-10-14,115275,115508,109971,113078,2253.66732902
2025-10-15,113077,113655,110217,110804,2023.01367329
2025-10-16,110804,112012,107450,108206,3004.36833057
2025-10-17,108206,109261,103530,106476,4616.53928421
2025-10-18,106470,107534,106368,107220,852.54214319
2025-10-19,107214,109488,106137,108684,2023.09215463
2025-10-20,108683,111717,107452,110580,2416.65967333
2025-10-21,110580,114088,107460,108372,4329.34460736
2025-10-22,108324,109160,106101,107595,2975.12108444
2025-10-23,107572,111336,107510,110111,1735.25029935
2025-10-24,110110,112066,109731,111039,1412.66498963
2025-10-25,111038,111945,110704,111668,461.82280861
2025-10-26,111658,115447,111281,114551,953.31627049
2025-10-27,114551,116381,113856,114101,1510.78251849
2025-10-28,114101,116077,112218,112925,1398.61067380
2025-10-29,112920,113654,109265,110038,1666.55640703
2025-10-30,110037,111603,106303,108306,2489.03576718
2025-10-31,108307,111049,108272,109554,1789.04697521
2025-11-01,109554,110478,109370,110047,566.13804885
2025-11-02,110039,111129,109475,110530,971.54551341
2025-11-03,110524,110730,105300,106548,2920.15812883
2025-11-04,106550,107260,98898,101466,5333.62771462
2025-11-05,101473,104532,98943,103865,2852.19774457
2025-11-06,103865,104187,100246,101284,2708.20760477
2025-11-07,101288,104044,99192,103275,2790.81081749
2025-11-08,103275,103345,101435,102286,1224.83513732
2025-11-09,102295,105425,101394,104705,1718.06176241
2025-11-10,104677,106623,104256,105972,1858.36284442
2025-11-11,105972,107465,102442,103015,1836.83844770
2025-11-12,103027,105301,100812,101635,1780.49932854
2025-11-13,101634,104019,97950,99618,3403.60227589
2025-11-14,99618,99815,93961,94509,6242.59326859
2025-11-15,94511,96736,94491,95539,1766.66154855
2025-11-16,95540,96538,92929,94187,2865.93071437
2025-11-17,94186,95938,91168,92102,4149.83016963
2025-11-18,92112,93753,89189,92911,4742.04243662
2025-11-19,92911,92936,88497,91474,3769.12562257
2025-11-20,91468,93065,85912,86527,5180.91421150
2025-11-21,86511,87386,80537,85060,8467.35355799
2025-11-22,85054,85530,83432,84679,2384.78905136
2025-11-23,84686,88082,84624,86803,2773.78769575
2025-11-24,86808,89222,85225,88277,4092.88381218
2025-11-25,88276,88463,86076,87331,2871.17184890
2025-11-26,87331,90646,86304,90477,2971.04093074
2025-11-27,90476,91926,90091,91325,1908.75344376
2025-11-28,91326,93091,90233,90913,2305.99037956
2025-11-29,90913,91179,90216,90832,681.59946371
2025-11-30,90832,91969,90362,90382,1020.91842738
2025-12-01,90369,90421,83814,86291,4297.00035160
2025-12-02,86291,92328,86190,91300,4590.27780876
2025-12-03,91303,94172,91030,93472,4462.81522934
2025-12-04,93460,94086,90903,92103,2700.62528856
2025-12-05,92109,92690,88156,89348,3068.81366007
2025-12-06,89342,90286,88932,89249,1058.74373020
2025-12-07,89256,91767,87744,90405,2387.94536185
2025-12-08,90406,92296,89618,90649,3033.70925459
2025-12-09,90642,94652,89558,92695,3420.15950535
2025-12-10,92693,94494,91579,92036,3493.06940422
2025-12-11,92037,93562,89269,92531,3855.94833075
2025-12-12,92531,92757,89466,90275,2653.35034927
2025-12-13,90275,90640,89789,90264,588.93067670
2025-12-14,90260,90492,87607,88164,2245.28512647
2025-12-15,88170,90015,85140,86412,3042.86671686
2025-12-16,86413,88135,85260,87843,2848.88747564
2025-12-17,87842,90317,85274,86215,3340.00609663
2025-12-18,86214,89423,84398,85460,3975.60917787
2025-12-19,85459,89349,85078,88095,3013.66290940
2025-12-20,88095,88522,87791,88324,593.71520281
2025-12-21,88324,89017,87576,88636,1067.66979397
2025-12-22,88637,90536,87867,88539,3033.70931489
2025-12-23,88554,88876,86561,87423,2425.45718247
2025-12-24,87423,87976,86363,87605,1586.51838352
2025-12-25,87605,88516,86896,87172,1026.06124365
2025-12-26,87168,89476,86584,87296,1995.30168019
2025-12-27,87296,87902,87180,87810,482.15727159
2025-12-28,87802,88001,87377,87870,559.35879313
2025-12-29,87871,90307,86701,87119,2713.91365162
2025-12-30,87111,89310,86718,88390,1997.61555935
2025-12-31,88390,89079,87085,87496,1905.50552287
2026-01-01,87496,88782,87268,88728,1395.46879155
2026-01-02,88728,90925,88284,89952,3580.71314243
2026-01-03,89952,90677,89289,90590,830.75213082
2026-01-04,90590,91728,90590,91501,1249.27665922
2026-01-05,91498,94792,91484,93876,3369.25944401
2026-01-06,93876,94418,91221,93712,2746.41034800
2026-01-07,93712,93712,90526,91273,2544.89091077
2026-01-08,91273,91562,89199,91031,3047.61486403
2026-01-09,91032,91924,89596,90510,2812.73160800
2026-01-10,90510,90694,90286,90382,416.98576685
2026-01-11,90382,91146,90090,90872,856.51847229
2026-01-12,90872,92392,90016,91195,2412.57727240
2026-01-13,91195,96474,90949,95366,4730.60046022
2026-01-14,95367,97939,94249,96942,5227.41310032
2026-01-15,96946,97165,95113,95577,2812.14817177
2026-01-16,95583,95811,94251,95521,1782.92777503
2026-01-17,95520,95603,95011,95113,471.76539206
2026-01-18,95113,95480,93584,93636,918.99519084
2026-01-19,93627,93632,91917,92560,1871.62721794
2026-01-20,92559,92799,87777,88316,4353.64058910
2026-01-21,88317,90471,87193,89374,4896.02575856
2026-01-22,89373,90254,88421,89464,2031.68926269
2026-01-23,89468,91122,88463,89493,2347.64120002
2026-01-24,89493,89778,89037,89089,472.12028436
2026-01-25,89089,89180,86000,86567,1952.93731653
2026-01-26,86568,88750,86422,88247,2317.09931351
2026-01-27,88247,89416,87197,89135,2324.46278911
2026-01-28,89135,90438,88722,89168,2234.89028223
2026-01-29,89167,89214,83242,84530,3681.40597733
2026-01-30,84520,84599,81040,84130,5197.26894551
2026-01-31,84124,84137,75555,78635,5126.14877716
2026-02-01,78644,79322,75651,76888,3780.29100762
2026-02-02,76888,79301,74532,78666,5904.57069753
2026-02-03,78666,79113,72863,75662,6491.42242041
2026-02-04,75661,76873,71704,73000,6664.20590605
2026-02-05,73000,73175,62200,62795,12980.44506677
2026-02-06,62795,71673,59930,70531,12389.36347229
2026-02-07,70515,71622,67313,69246,5313.40541323
2026-02-08,69249,72174,68850,70283,3209.08442200
2026-02-09,70283,71383,68265,70094,4251.33624282
2026-02-10,70094,70465,67870,68802,4052.50039834
2026-02-11,68801,69235,65719,67053,6069.91114912
2026-02-12,67034,68364,65080,66207,3577.43834177
2026-02-13,66205,69405,65828,68812,3679.26812952
2026-02-14,68812,70513,68701,69791,1855.00880250
2026-02-15,69791,70937,68044,68792,2583.79100836
2026-02-16,68792,70066,67268,68867,2561.43683283
2026-02-17,68867,69205,66557,67468,3173.29499982
2026-02-18,67469,68428,65840,66425,3269.12137366
2026-02-19,66425,67281,65620,66973,2883.19175749
2026-02-20,66973,68298,66431,67992,4286.25286820
2026-02-21,67992,68668,67518,67966,1421.65471687
2026-02-22,67967,68224,67160,67612,1206.46701391
2026-02-23,67612,67654,63868,64630,5280.32214230
2026-02-24,64630,64984,62525,64059,4165.22296831
2026-02-25,64059,70038,63920,67994,6032.18559863
2026-02-26,67993,68841,66511,67488,3855.80807448
2026-02-27,67488,68207,64935,65868,4056.20640648
2026-02-28,65868,67743,63037,66985,5941.59308309
2026-03-01,66982,68201,65051,65771,4640.41251723
2026-03-02,65776,70111,65259,68821,6481.12468127
2026-03-03,68821,69256,66147,68336,5194.30176765
2026-03-04,68336,74075,67405,72691,6743.89222058
2026-03-05,72691,73573,70671,70896,4548.71307503
2026-03-06,70898,71415,67753,68114,3520.23830882
2026-03-07,68114,68543,66943,67269,1602.73980283
2026-03-08,67269,68186,65623,65975,2829.70777868
2026-03-09,65974,69575,65844,68453,4665.57773266
2026-03-10,68453,71775,68400,69963,5202.71519204
2026-03-11,69958,71335,68991,70196,4649.31092584
2026-03-12,70196,70805,69222,70529,4885.75029631
2026-03-13,70537,73933,70412,70949,4593.78432038
2026-03-14,70947,71308,70305,71218,1520.25473636
2026-03-15,71218,73223,70878,72831,2292.61546545
2026-03-16,72849,74916,72294,74876,3772.15166866
2026-03-17,74884,76013,73429,73928,3923.49624615
2026-03-18,73931,74676,70492,71259,3059.47018424
2026-03-19,71241,71604,68799,69921,3381.21580722
2026-03-20,69921,71356,69399,70502,2786.90640315
2026-03-21,70498,71082,68563,68910,1361.20269127
2026-03-22,68910,69564,67354,67860,2109.61591510
2026-03-23,67853,71801,67435,70883,3654.99346849
2026-03-24,70875,71382,68893,70519,3323.54868049
2026-03-25,70519,72026,70387,71301,2612.72355105
2026-03-26,71305,71405,68110,68779,3000.04397195
2026-03-27,68779,69127,65505,66359,3005.97680194
2026-03-28,66359,67245,65883,66321,869.91978741
2026-03-29,66320,67067,64955,65954,1293.83955401
2026-03-30,65961,68109,65741,66731,2769.15090500
2026-03-31,66741,68517,65926,68215,2152.37368471
2026-04-01,68215,69268,67542,68102,2176.81429582
2026-04-02,68104,68644,65696,66890,1629.62243304
2026-04-03,66890,67359,66282,66944,799.76548750
2026-04-04,66949,67528,66782,67290,407.12820026
2026-04-05,67296,69104,66608,68999,645.41692971
2026-04-06,69005,70355,68332,68857,1269.73380382
2026-04-07,68856,72762,67724,71940,1555.84363090
2026-04-08,71911,72865,70705,71110,1681.53724973
2026-04-09,71064,73159,70480,71812,1764.99624298
2026-04-10,71797,73465,71432,72980,2356.29877946
2026-04-11,72980,73832,72559,73071,760.05196907
2026-04-12,73060,73166,70526,70746,953.31624651
2026-04-13,70742,74911,70584,74447,3621.42257600
2026-04-14,74451,76120,73861,74184,4058.73780895
2026-04-15,74183,75445,73528,74818,824.24583731
2026-04-16,74828,75541,73309,75178,1166.08154755
2026-04-17,75172,78384,74571,77108,2558.43952030
2026-04-18,77107,77451,75441,75737,576.88981552
2026-04-19,75734,76264,73804,73825,794.50078642
2026-04-20,73834,76597,73753,75870,812.61140257
2026-04-21,75870,76944,74817,76345,1106.67718991
2026-04-22,76346,79500,76154,78208,1500.95939972
2026-04-23,78209,78695,76988,78269,928.43606242
2026-04-24,78269,78557,77295,77466,861.89309297
2026-04-25,77460,77906,77173,77639,273.88400022
2026-04-26,77639,78969,77348,78660,608.62901057
2026-04-27,78666,79490,76455,77373,886.75879861
2026-04-28,77374,77474,75657,76323,931.62772644
2026-04-29,76324,77882,74912,75745,1208.06442879
2026-04-30,75746,76629,75299,76310,584.61885651
2026-05-01,76310,78924,76294,78232,829.68234395
2026-05-02,78232,79157,78036,78690,360.45077711
2026-05-03,78690,79437,78082,78565,447.91420445
2026-05-04,78563,80768,78203,79844,1590.76805531
2026-05-05,79855,81781,79810,80913,1256.80498750
2026-05-06,80904,82833,80728,81447,974.73027712
2026-05-07,81436,81706,79500,80017,1030.93447403
2026-05-08,80005,80500,79168,80199,861.34554464
2026-05-09,80200,81063,80135,80665,260.35013444
2026-05-10,80665,82458,80269,82193,509.08425565
2026-05-11,82197,82361,80429,81736,1098.10551499
2026-05-12,81736.00,81767.00,79820.00,80491.00,1020.45687485
2026-05-13,80495.00,81288.00,78704.00,79284.00,1405.79319836
2026-05-14,79291.00,82047.00,78893.00,81075.00,2920.28181374
2026-05-15,81075.00,81650.00,78611.00,79062.00,1056.97680617
2026-05-16,79064.00,79186.00,77614.00,78118.00,443.01524369
2026-05-17,78117.00,78573.00,76689.00,77412.00,469.14631985
2026-05-18,77419.00,77753.00,76000.00,76949.00,1128.06007716
2026-05-19,76955.00,77357.00,76088.00,76757.00,550.76924548
2026-05-20,76762.00,77782.01,76440.00,77470.50,723.02197773
